/*
 Navicat Premium Data Transfer

 Source Server         : 114.55.94.207
 Source Server Type    : MySQL
 Source Server Version : 80016
 Source Host           : 114.55.94.207:3306
 Source Schema         : book_shop

 Target Server Type    : MySQL
 Target Server Version : 80016
 File Encoding         : 65001

 Date: 03/05/2022 21:15:38
*/

SET NAMES utf8mb4;
SET FOREIGN_KEY_CHECKS = 0;

-- ----------------------------
-- Table structure for address
-- ----------------------------
DROP TABLE IF EXISTS `address`;
CREATE TABLE `address`  (
  `id` int(11) NOT NULL AUTO_INCREMENT,
  `user_id` int(11) NULL DEFAULT NULL,
  `name` varchar(255) CHARACTER SET utf8mb4 COLLATE utf8mb4_0900_ai_ci NULL DEFAULT NULL,
  `province` varchar(255) CHARACTER SET utf8mb4 COLLATE utf8mb4_0900_ai_ci NULL DEFAULT NULL,
  `city` varchar(255) CHARACTER SET utf8mb4 COLLATE utf8mb4_0900_ai_ci NULL DEFAULT NULL,
  `county` varchar(255) CHARACTER SET utf8mb4 COLLATE utf8mb4_0900_ai_ci NULL DEFAULT NULL,
  `address` varchar(255) CHARACTER SET utf8mb4 COLLATE utf8mb4_0900_ai_ci NULL DEFAULT NULL,
  `phone` varchar(255) CHARACTER SET utf8mb4 COLLATE utf8mb4_0900_ai_ci NULL DEFAULT NULL,
  `is_default` int(11) NULL DEFAULT 0,
  `createdAt` datetime NOT NULL,
  `updatedAt` datetime NOT NULL DEFAULT '0000-00-00 00:00:00',
  PRIMARY KEY (`id`) USING BTREE
) ENGINE = InnoDB AUTO_INCREMENT = 11 CHARACTER SET = utf8mb4 COLLATE = utf8mb4_0900_ai_ci ROW_FORMAT = Dynamic;

-- ----------------------------
-- Records of address
-- ----------------------------
INSERT INTO `address` VALUES (2, 2, '郑凯跃', '广东省', '广州市', '从化区', '温泉镇温泉大道884号广州南方学院', '14715663859', 1, '2022-04-02 13:12:46', '2022-04-10 12:56:44');
INSERT INTO `address` VALUES (3, 2, '刘卓樵', '广东省', '广州市', '从化区', '温泉镇温泉大道882号', '14715996987', 0, '2022-04-02 13:45:29', '2022-04-10 12:56:43');
INSERT INTO `address` VALUES (4, 2, '王思超', '广东省', '广州市', '从化区', '温泉镇温泉大道882号', '14715998877', 0, '2022-04-02 13:54:26', '2022-04-10 12:56:43');
INSERT INTO `address` VALUES (6, 1, '大怪兽', '山西省', '阳泉市', '郊区', '温泉镇', '14715663859', 1, '2022-04-02 14:55:09', '2022-04-02 14:56:28');
INSERT INTO `address` VALUES (7, 11, '郑凯跃', '广东省', '广州市', '从化区', '温泉镇温泉大道884号广州南方学院', '14715669977', 1, '2022-04-12 14:29:21', '2022-04-14 16:42:15');
INSERT INTO `address` VALUES (8, 12, '郑凯跃', '山西省', '太原市', '晋源区', '温泉镇882号', '14715886644', 1, '2022-04-13 05:13:17', '2022-04-13 05:13:17');
INSERT INTO `address` VALUES (9, 1, '大大怪兽', '山西省', '长治市', '襄垣县', 'asdas', '14715889966', 0, '2022-04-13 09:16:38', '2022-04-13 09:16:38');
INSERT INTO `address` VALUES (10, 1, '大大大怪兽', '辽宁省', '鞍山市', '立山区', 'sad', '14715663366', 0, '2022-04-13 17:52:09', '2022-04-13 17:52:09');

-- ----------------------------
-- Table structure for cart
-- ----------------------------
DROP TABLE IF EXISTS `cart`;
CREATE TABLE `cart`  (
  `id` int(11) NOT NULL AUTO_INCREMENT,
  `user_id` int(11) NULL DEFAULT NULL,
  `goods_id` int(11) NULL DEFAULT NULL,
  `num` int(11) NULL DEFAULT 0,
  `is_checked` int(11) NULL DEFAULT 0,
  `createdAt` datetime NULL DEFAULT NULL,
  `updatedAt` datetime NULL DEFAULT NULL,
  PRIMARY KEY (`id`) USING BTREE
) ENGINE = InnoDB AUTO_INCREMENT = 164 CHARACTER SET = utf8mb4 COLLATE = utf8mb4_0900_ai_ci ROW_FORMAT = Dynamic;

-- ----------------------------
-- Records of cart
-- ----------------------------
INSERT INTO `cart` VALUES (163, 11, 5, 1, 0, '2022-05-03 17:12:56', '2022-05-03 19:42:45');

-- ----------------------------
-- Table structure for categories
-- ----------------------------
DROP TABLE IF EXISTS `categories`;
CREATE TABLE `categories`  (
  `id` int(11) NOT NULL,
  `name` varchar(255) CHARACTER SET utf8mb4 COLLATE utf8mb4_0900_ai_ci NULL DEFAULT NULL,
  `pid` int(11) NULL DEFAULT NULL,
  `status` int(11) NULL DEFAULT NULL,
  `level` int(11) NULL DEFAULT NULL,
  `group` varchar(255) CHARACTER SET utf8mb4 COLLATE utf8mb4_0900_ai_ci NULL DEFAULT NULL,
  `createdAt` datetime NULL DEFAULT NULL ON UPDATE CURRENT_TIMESTAMP,
  `updatedAt` datetime NULL DEFAULT NULL ON UPDATE CURRENT_TIMESTAMP,
  PRIMARY KEY (`id`) USING BTREE
) ENGINE = InnoDB CHARACTER SET = utf8mb4 COLLATE = utf8mb4_0900_ai_ci ROW_FORMAT = Dynamic;

-- ----------------------------
-- Records of categories
-- ----------------------------
INSERT INTO `categories` VALUES (1, '文学', 0, 1, 1, 'menu', '2022-03-18 09:02:37', '2022-03-18 09:02:40');
INSERT INTO `categories` VALUES (2, '小说', 1, 1, 2, 'goods_literature', '2022-03-25 20:19:16', '2022-03-25 20:19:16');
INSERT INTO `categories` VALUES (3, '诗歌', 1, 1, 2, 'goods_literature', '2022-03-25 21:10:16', '2022-03-25 21:10:16');
INSERT INTO `categories` VALUES (4, '随笔', 1, 1, 2, 'goods_literature', '2022-03-25 20:19:27', '2022-03-25 20:19:27');
INSERT INTO `categories` VALUES (5, '文化', 0, 1, 1, 'menu', NULL, NULL);
INSERT INTO `categories` VALUES (6, '哲学', 1, 1, 2, 'goods_culture', '2022-03-25 19:48:49', '2022-03-25 19:48:49');
INSERT INTO `categories` VALUES (7, '电影', 1, 1, 2, 'goods_culture', '2022-03-25 19:48:52', '2022-03-25 19:48:52');
INSERT INTO `categories` VALUES (9, '历史', 1, 1, 2, 'goods_culture', '2022-03-25 19:49:03', '2022-03-25 19:49:03');
INSERT INTO `categories` VALUES (10, '流行', 0, 1, 2, 'menu', NULL, NULL);
INSERT INTO `categories` VALUES (11, '推理', 1, 1, 2, 'goods_Popularity', '2022-03-25 21:17:00', '2022-03-25 21:17:00');
INSERT INTO `categories` VALUES (12, '科幻', 1, 1, 2, 'goods_Popularity', '2022-03-25 21:17:03', '2022-03-25 21:17:03');
INSERT INTO `categories` VALUES (13, '言情', 1, 1, 2, 'goods_Popularity', '2022-03-25 21:17:06', '2022-03-25 21:17:06');

-- ----------------------------
-- Table structure for collect
-- ----------------------------
DROP TABLE IF EXISTS `collect`;
CREATE TABLE `collect`  (
  `id` int(11) NOT NULL AUTO_INCREMENT,
  `user_id` int(11) NULL DEFAULT NULL,
  `goods_id` int(11) NULL DEFAULT NULL,
  `is_collect` int(11) NULL DEFAULT NULL,
  `createdAt` datetime NULL DEFAULT NULL,
  `updatedAt` datetime NULL DEFAULT NULL,
  PRIMARY KEY (`id`) USING BTREE,
  INDEX `user_id`(`user_id`) USING BTREE
) ENGINE = InnoDB AUTO_INCREMENT = 96 CHARACTER SET = utf8mb4 COLLATE = utf8mb4_0900_ai_ci ROW_FORMAT = Dynamic;

-- ----------------------------
-- Records of collect
-- ----------------------------
INSERT INTO `collect` VALUES (2, 1, 1, 1, '2022-03-27 15:21:19', '2022-03-28 08:47:39');
INSERT INTO `collect` VALUES (3, 1, 2, 0, '2022-03-28 00:49:57', '2022-03-28 13:02:26');
INSERT INTO `collect` VALUES (4, 1, 4, 0, '2022-03-28 00:51:08', '2022-03-28 00:51:08');
INSERT INTO `collect` VALUES (5, 1, 6, 0, '2022-03-28 00:52:18', '2022-03-28 00:52:18');
INSERT INTO `collect` VALUES (6, 1, 5, 0, '2022-03-28 00:53:24', '2022-03-28 00:53:24');
INSERT INTO `collect` VALUES (7, 1, 3, 0, '2022-03-28 00:55:07', '2022-03-28 08:42:53');
INSERT INTO `collect` VALUES (8, 1, 7, 0, '2022-03-28 01:08:50', '2022-03-28 01:08:50');
INSERT INTO `collect` VALUES (9, 1, 8, 0, '2022-03-28 01:11:35', '2022-03-28 01:11:35');
INSERT INTO `collect` VALUES (10, 1, 16, 0, '2022-03-28 01:12:20', '2022-03-28 01:12:20');
INSERT INTO `collect` VALUES (11, 1, 22, 1, '2022-03-28 08:44:23', '2022-03-28 08:44:31');
INSERT INTO `collect` VALUES (12, 1, 12, 0, '2022-03-28 12:32:55', '2022-03-28 12:32:55');
INSERT INTO `collect` VALUES (13, 1, 11, 0, '2022-03-28 12:34:06', '2022-03-28 12:34:06');
INSERT INTO `collect` VALUES (14, 1, 51, 1, '2022-03-28 13:41:23', '2022-03-28 13:41:26');
INSERT INTO `collect` VALUES (15, 11, 2, 0, '2022-03-29 09:08:11', '2022-03-29 09:08:11');
INSERT INTO `collect` VALUES (16, 2, 3, 0, '2022-03-29 09:31:46', '2022-03-29 09:31:46');
INSERT INTO `collect` VALUES (17, 2, 4, 1, '2022-03-29 09:41:15', '2022-04-11 01:48:45');
INSERT INTO `collect` VALUES (18, 2, 8, 0, '2022-03-29 12:30:10', '2022-03-29 12:30:10');
INSERT INTO `collect` VALUES (19, 2, 14, 0, '2022-03-29 13:36:48', '2022-03-29 13:36:48');
INSERT INTO `collect` VALUES (20, 2, 10, 0, '2022-03-29 14:39:23', '2022-03-29 14:39:23');
INSERT INTO `collect` VALUES (21, 2, 11, 0, '2022-03-29 14:40:59', '2022-03-29 14:40:59');
INSERT INTO `collect` VALUES (22, 2, 52, 0, '2022-03-29 14:43:53', '2022-03-29 14:43:53');
INSERT INTO `collect` VALUES (23, 2, 2, 0, '2022-03-29 15:22:49', '2022-03-29 15:22:49');
INSERT INTO `collect` VALUES (24, 2, 12, 0, '2022-03-30 06:34:04', '2022-03-30 06:34:04');
INSERT INTO `collect` VALUES (25, 2, 1, 1, '2022-03-30 07:05:42', '2022-03-30 15:22:19');
INSERT INTO `collect` VALUES (26, 2, 6, 0, '2022-03-30 10:08:38', '2022-03-30 10:08:38');
INSERT INTO `collect` VALUES (27, 2, 7, 1, '2022-03-30 10:11:14', '2022-04-04 00:54:15');
INSERT INTO `collect` VALUES (28, 2, 5, 0, '2022-03-30 10:13:30', '2022-03-30 10:13:30');
INSERT INTO `collect` VALUES (29, 2, 15, 0, '2022-03-30 10:13:36', '2022-03-30 10:13:36');
INSERT INTO `collect` VALUES (30, 2, 17, 0, '2022-03-30 10:13:39', '2022-03-30 10:13:39');
INSERT INTO `collect` VALUES (31, 2, 9, 0, '2022-03-30 11:43:35', '2022-03-30 11:43:35');
INSERT INTO `collect` VALUES (32, 2, 18, 0, '2022-03-30 11:44:19', '2022-03-30 11:44:19');
INSERT INTO `collect` VALUES (33, 2, 29, 0, '2022-03-30 11:44:22', '2022-03-30 11:44:22');
INSERT INTO `collect` VALUES (34, 2, 49, 0, '2022-03-30 15:04:42', '2022-03-30 15:04:42');
INSERT INTO `collect` VALUES (35, 2, 47, 0, '2022-03-30 15:22:36', '2022-03-30 15:22:36');
INSERT INTO `collect` VALUES (36, 2, 46, 0, '2022-03-30 15:23:22', '2022-03-30 15:23:22');
INSERT INTO `collect` VALUES (37, 2, 42, 0, '2022-03-30 15:23:26', '2022-03-30 15:23:26');
INSERT INTO `collect` VALUES (38, 2, 45, 0, '2022-04-02 13:14:47', '2022-04-02 13:14:47');
INSERT INTO `collect` VALUES (39, 2, 48, 0, '2022-04-02 13:15:16', '2022-04-02 13:15:16');
INSERT INTO `collect` VALUES (40, 2, 34, 1, '2022-04-06 14:09:34', '2022-04-06 14:09:35');
INSERT INTO `collect` VALUES (41, 2, 32, 0, '2022-04-06 14:10:43', '2022-04-06 14:10:43');
INSERT INTO `collect` VALUES (42, 2, 13, 0, '2022-04-06 14:14:04', '2022-04-06 14:14:04');
INSERT INTO `collect` VALUES (43, 2, 31, 0, '2022-04-11 01:48:59', '2022-04-11 01:48:59');
INSERT INTO `collect` VALUES (44, 2, 23, 1, '2022-04-12 08:10:57', '2022-04-12 08:11:07');
INSERT INTO `collect` VALUES (45, 11, 1, 0, '2022-04-12 14:34:48', '2022-04-12 14:34:48');
INSERT INTO `collect` VALUES (46, 11, 6, 0, '2022-04-12 14:34:52', '2022-04-12 14:34:52');
INSERT INTO `collect` VALUES (47, 11, 10, 0, '2022-04-12 14:34:55', '2022-04-12 14:34:55');
INSERT INTO `collect` VALUES (48, 11, 51, 0, '2022-04-12 14:35:29', '2022-04-12 14:35:29');
INSERT INTO `collect` VALUES (49, 11, 3, 0, '2022-04-12 14:44:42', '2022-04-12 14:44:42');
INSERT INTO `collect` VALUES (50, 11, 4, 0, '2022-04-12 15:19:06', '2022-04-12 15:19:06');
INSERT INTO `collect` VALUES (51, 12, 50, 0, '2022-04-13 05:11:28', '2022-04-13 05:11:28');
INSERT INTO `collect` VALUES (52, 12, 37, 0, '2022-04-13 05:12:26', '2022-04-13 05:12:26');
INSERT INTO `collect` VALUES (53, 12, 3, 0, '2022-04-13 05:44:23', '2022-04-13 05:44:23');
INSERT INTO `collect` VALUES (54, 12, 4, 0, '2022-04-13 05:44:26', '2022-04-13 05:44:26');
INSERT INTO `collect` VALUES (55, 12, 2, 0, '2022-04-13 05:44:29', '2022-04-13 05:44:29');
INSERT INTO `collect` VALUES (56, 12, 1, 0, '2022-04-13 05:44:32', '2022-04-13 05:44:32');
INSERT INTO `collect` VALUES (57, 12, 6, 0, '2022-04-13 05:44:35', '2022-04-13 05:44:35');
INSERT INTO `collect` VALUES (58, 12, 7, 0, '2022-04-13 05:44:38', '2022-04-13 05:44:38');
INSERT INTO `collect` VALUES (59, 12, 12, 0, '2022-04-13 05:44:41', '2022-04-13 05:44:41');
INSERT INTO `collect` VALUES (60, 12, 11, 0, '2022-04-13 05:44:43', '2022-04-13 05:44:43');
INSERT INTO `collect` VALUES (61, 12, 14, 0, '2022-04-13 05:44:46', '2022-04-13 05:44:46');
INSERT INTO `collect` VALUES (62, 12, 13, 0, '2022-04-13 05:44:49', '2022-04-13 05:44:49');
INSERT INTO `collect` VALUES (63, 12, 16, 0, '2022-04-13 05:44:52', '2022-04-13 05:44:52');
INSERT INTO `collect` VALUES (64, 12, 17, 0, '2022-04-13 05:44:54', '2022-04-13 05:44:54');
INSERT INTO `collect` VALUES (65, 12, 22, 0, '2022-04-13 05:44:56', '2022-04-13 05:44:56');
INSERT INTO `collect` VALUES (66, 12, 20, 0, '2022-04-13 05:44:59', '2022-04-13 05:44:59');
INSERT INTO `collect` VALUES (67, 12, 19, 0, '2022-04-13 05:45:02', '2022-04-13 05:45:02');
INSERT INTO `collect` VALUES (68, 12, 21, 0, '2022-04-13 05:45:05', '2022-04-13 05:45:05');
INSERT INTO `collect` VALUES (69, 12, 23, 0, '2022-04-13 05:45:09', '2022-04-13 05:45:09');
INSERT INTO `collect` VALUES (70, 1, 9, 0, '2022-04-13 19:58:26', '2022-04-13 19:58:26');
INSERT INTO `collect` VALUES (71, 11, 5, 1, '2022-04-13 20:26:04', '2022-04-13 20:26:09');
INSERT INTO `collect` VALUES (72, 11, 8, 0, '2022-04-14 22:19:24', '2022-04-14 22:19:24');
INSERT INTO `collect` VALUES (73, 11, 7, 0, '2022-04-14 22:36:47', '2022-04-14 22:36:47');
INSERT INTO `collect` VALUES (74, 11, 36, 0, '2022-04-14 22:36:53', '2022-04-14 22:36:53');
INSERT INTO `collect` VALUES (75, 11, 34, 0, '2022-04-14 22:39:57', '2022-04-14 22:39:57');
INSERT INTO `collect` VALUES (76, 11, 16, 0, '2022-04-14 22:44:37', '2022-04-14 22:44:37');
INSERT INTO `collect` VALUES (77, 11, 21, 0, '2022-04-14 22:44:39', '2022-04-14 22:44:39');
INSERT INTO `collect` VALUES (78, 11, 23, 0, '2022-04-14 22:45:39', '2022-04-14 22:45:39');
INSERT INTO `collect` VALUES (79, 11, 50, 0, '2022-04-14 22:49:00', '2022-04-14 22:49:00');
INSERT INTO `collect` VALUES (80, 11, 46, 0, '2022-04-14 22:49:03', '2022-04-14 22:49:03');
INSERT INTO `collect` VALUES (81, 11, 48, 0, '2022-04-14 22:57:07', '2022-04-14 22:57:07');
INSERT INTO `collect` VALUES (82, 11, 49, 0, '2022-04-14 22:58:28', '2022-04-14 22:58:28');
INSERT INTO `collect` VALUES (83, 11, 38, 0, '2022-04-14 22:59:41', '2022-04-14 22:59:41');
INSERT INTO `collect` VALUES (84, 11, 40, 0, '2022-04-14 23:00:34', '2022-04-14 23:00:34');
INSERT INTO `collect` VALUES (85, 11, 39, 0, '2022-04-14 23:01:25', '2022-04-14 23:01:25');
INSERT INTO `collect` VALUES (86, 11, 37, 0, '2022-04-14 23:01:39', '2022-04-14 23:01:39');
INSERT INTO `collect` VALUES (87, 11, 32, 0, '2022-04-14 23:01:43', '2022-04-14 23:01:43');
INSERT INTO `collect` VALUES (88, 11, 9, 0, '2022-04-16 21:38:40', '2022-04-16 21:38:40');
INSERT INTO `collect` VALUES (89, 11, 18, 0, '2022-04-16 23:12:01', '2022-04-16 23:12:01');
INSERT INTO `collect` VALUES (90, 11, 12, 0, '2022-04-17 09:09:35', '2022-04-17 09:09:35');
INSERT INTO `collect` VALUES (91, 11, 11, 0, '2022-04-21 15:50:01', '2022-04-21 15:50:01');
INSERT INTO `collect` VALUES (92, 12, 9, 0, '2022-04-30 14:00:45', '2022-04-30 14:00:45');
INSERT INTO `collect` VALUES (93, 11, 53, 0, '2022-05-02 21:45:47', '2022-05-02 21:45:47');
INSERT INTO `collect` VALUES (94, 11, 54, 0, '2022-05-02 21:52:10', '2022-05-02 21:52:10');
INSERT INTO `collect` VALUES (95, 11, 55, 0, '2022-05-02 22:32:53', '2022-05-02 22:32:53');

-- ----------------------------
-- Table structure for goods
-- ----------------------------
DROP TABLE IF EXISTS `goods`;
CREATE TABLE `goods`  (
  `id` int(11) NOT NULL AUTO_INCREMENT,
  `user_id` int(11) NULL DEFAULT NULL,
  `category_id` int(11) NULL DEFAULT NULL,
  `title` varchar(255) CHARACTER SET utf8mb4 COLLATE utf8mb4_0900_ai_ci NULL DEFAULT NULL,
  `description` varchar(255) CHARACTER SET utf8mb4 COLLATE utf8mb4_0900_ai_ci NULL DEFAULT NULL,
  `price` int(11) NULL DEFAULT NULL,
  `stock` int(11) NULL DEFAULT NULL,
  `cover` varchar(255) CHARACTER SET utf8mb4 COLLATE utf8mb4_0900_ai_ci NULL DEFAULT NULL,
  `pics` json NULL,
  `details` text CHARACTER SET utf8mb4 COLLATE utf8mb4_0900_ai_ci NULL,
  `sales` int(11) NULL DEFAULT NULL,
  `is_on` int(11) NULL DEFAULT NULL,
  `is_recommend` int(11) NULL DEFAULT 0,
  `createdAt` datetime NULL DEFAULT NULL ON UPDATE CURRENT_TIMESTAMP,
  `updatedAt` datetime NULL DEFAULT NULL ON UPDATE CURRENT_TIMESTAMP,
  PRIMARY KEY (`id`) USING BTREE,
  INDEX `category_id`(`category_id`) USING BTREE,
  CONSTRAINT `goods_ibfk_1` FOREIGN KEY (`category_id`) REFERENCES `categories` (`id`) ON DELETE RESTRICT ON UPDATE RESTRICT
) ENGINE = InnoDB AUTO_INCREMENT = 56 CHARACTER SET = utf8mb4 COLLATE = utf8mb4_0900_ai_ci ROW_FORMAT = Dynamic;

-- ----------------------------
-- Records of goods
-- ----------------------------
INSERT INTO `goods` VALUES (1, NULL, 6, '哲学家都在干什么', NULL, 55, 100, 'http://114.55.94.207:3000/public/goods/zxjdzgsm.jpg', NULL, '    <div id=\"detail-tag-id-2\" class=\"book-detail-item\"\r\n        style=\"margin: 0px 20px; padding: 20px 0px 0px; overflow: hidden; color: #666666; font-family: tahoma, arial, \'Microsoft YaHei\', \'Hiragino Sans GB\', u5b8bu4f53, sans-serif; font-size: 12px; background-color: #ffffff;\">\r\n        <div class=\"item-mc\" style=\"margin: 0px; padding: 18px 10px 0px;\">\r\n            <div class=\"book-detail-content\" style=\"margin: 0px; padding: 0px; line-height: 24px; font-size: 14px;\">\r\n\r\n                <p style=\"margin: 0px; padding: 0px;\">\r\n                    “哲学史写得这么浅白风趣八卦，你让我们哲学系的人还怎么混？！”\r\n\r\n                    轰动豆瓣的奇葩之书，连续三年蝉联豆瓣电子阅读榜第一的神作\r\n\r\n                    经作者全面修订后，2015年重新问市！\r\n\r\n                    用穷凶极恶的吐槽和喜闻乐见的八卦，彻底瓦解你对哲学史的成见\r\n\r\n                    翻开任何一页，都是欲罢不能的哲♂学♂故事\r\n\r\n                    来吧，哲学家们！自己说说看，你们究竟都干了些什么？\r\n                </p>\r\n            </div>\r\n        </div>\r\n    </div>\r\n    <div id=\"detail-tag-id-3\" class=\"book-detail-item\"\r\n        style=\"margin: 0px 20px; padding: 20px 0px 0px; overflow: hidden; color: #666666; font-family: tahoma, arial, \'Microsoft YaHei\', \'Hiragino Sans GB\', u5b8bu4f53, sans-serif; font-size: 12px; background-color: #ffffff;\">\r\n        <div class=\"item-mt\" style=\"margin: 0px; padding: 0px; height: 25px; border-bottom: 3px solid #e4393c;\">\r\n            <h3\r\n                style=\"margin: 0px; padding: 0px 0px 0px 20px; font-size: 14px; line-height: 28px; width: 99px; height: 25px; overflow: hidden; color: #ffffff; background: url(\'//static.360buyimg.com/item/unite/1.0.103/components/book/css/i/item.sprite.png\') 0px -13px no-repeat;\">\r\n                内容简介</h3>\r\n        </div>\r\n        <div class=\"item-mc\" style=\"margin: 0px; padding: 18px 10px 0px;\">\r\n            <div class=\"book-detail-content\" style=\"margin: 0px; padding: 0px; line-height: 24px; font-size: 14px;\">\r\n                <p style=\"margin: 0px; padding: 0px;\">\r\n                    你知道吗，你想过或者没想过的这些奇形怪状的问题，早在几千年前就被哲学家们一本正经地提出，挖空心思地找证据，面红耳赤地争论过了。在整个世界忙着探索、开垦、打仗、上天、发展的漫长历史中，这帮哲学家们却神经质地死磕这个世界的真相和人生的意义，就好像一个网络游戏里的角色试图琢磨自己手里武器的...<br /><img\r\n                        style=\"display: block; margin-left: auto; margin-right: auto;\"\r\n                        src=\"http://127.0.0.1:3000/public/goods/zxjdzgsm.jpg\" alt=\"yjs2.png\" width=\"400\"\r\n                        height=\"400\" /></p>\r\n            </div>\r\n        </div>\r\n    </div>', 66, NULL, 0, '2022-03-26 13:51:00', '2022-03-26 13:51:00');
INSERT INTO `goods` VALUES (2, NULL, 6, '中国哲学历史', NULL, 88, 300, 'http://114.55.94.207:3000/public/goods/zgzxs.jpg', NULL, '  <div id=\"detail-tag-id-2\" class=\"book-detail-item\"\r\n        style=\"margin: 0px 20px; padding: 20px 0px 0px; overflow: hidden; color: #666666; font-family: tahoma, arial, \'Microsoft YaHei\', \'Hiragino Sans GB\', u5b8bu4f53, sans-serif; font-size: 12px; background-color: #ffffff;\">\r\n        <div class=\"item-mc\" style=\"margin: 0px; padding: 18px 10px 0px;\">\r\n            <div class=\"book-detail-content\" style=\"margin: 0px; padding: 0px; line-height: 24px; font-size: 14px;\">\r\n\r\n                <p style=\"margin: 0px; padding: 0px;\">\r\n                    作者：冯友兰<br>\r\n\r\n                    中国20世纪哲人、杰出的思想家、学术大师。他以《中国哲学史》、《中国哲学简史》、《中国哲学史新编》和《贞元六书》等著作，成为近代以来能够建立哲学体系的哲学家之一。冯友兰是一位以救国兴邦为己任的爱国知识分子。他学贯中西，博古通今，是中国哲学史上一座横跨古今、沟通中外的“桥梁”，他也是我国20世纪最负盛名并赢得崇高国际声誉的哲人。他是在中国学术史上做出了重大贡献的杰出学者，也是对20世纪产生了深远影响的哲人。\r\n                </p>\r\n            </div>\r\n        </div>\r\n    </div>\r\n    <div id=\"detail-tag-id-3\" class=\"book-detail-item\"\r\n        style=\"margin: 0px 20px; padding: 20px 0px 0px; overflow: hidden; color: #666666; font-family: tahoma, arial, \'Microsoft YaHei\', \'Hiragino Sans GB\', u5b8bu4f53, sans-serif; font-size: 12px; background-color: #ffffff;\">\r\n        <div class=\"item-mt\" style=\"margin: 0px; padding: 0px; height: 25px; border-bottom: 3px solid #e4393c;\">\r\n            <h3\r\n                style=\"margin: 0px; padding: 0px 0px 0px 20px; font-size: 14px; line-height: 28px; width: 99px; height: 25px; overflow: hidden; color: #ffffff; background: url(\'//static.360buyimg.com/item/unite/1.0.103/components/book/css/i/item.sprite.png\') 0px -13px no-repeat;\">\r\n                内容简介</h3>\r\n        </div>\r\n        <div class=\"item-mc\" style=\"margin: 0px; padding: 18px 10px 0px;\">\r\n            <div class=\"book-detail-content\" style=\"margin: 0px; padding: 0px; line-height: 24px; font-size: 14px;\">\r\n                <p style=\"margin: 0px; padding: 0px;\">\r\n                    打通古今中外的相关知识，以宏观开阔的视野对中国哲学进行了深入浅出的、融会贯通的讲解。\r\n\r\n                    在有限的篇幅里融入了对中国传统思想、文化、精神、智慧等方面的理解，融会了史与思的智慧结晶，洋溢着人生的智慧与哲人的洞见，寄托着现实的人生关怀。\r\n                    \r\n                    它在世界各地有多种译本，拥有众多的读者，是许多大学中国哲学的通用教材；同样，它也是广大读者学习中国古代文化、借鉴中国传统智慧、启迪现实人生的入门书。\r\n                    \r\n                    它是一部名副其实的可以影响大众一生的文化经典。<br /><img\r\n                        style=\"display: block; margin-left: auto; margin-right: auto;\"\r\n                        src=\"http://127.0.0.1:3000/public/goods/zgzxs.jpg\" alt=\"yjs2.png\" width=\"400\" height=\"400\" />\r\n                </p>\r\n            </div>\r\n        </div>\r\n    </div>', 999, NULL, 0, '2022-03-26 13:51:03', '2022-03-26 13:51:03');
INSERT INTO `goods` VALUES (3, NULL, 6, '西西弗斯神话', NULL, 99, 600, 'http://114.55.94.207:3000/public/goods/xxfssh.jpg', NULL, '    <div id=\"detail-tag-id-2\" class=\"book-detail-item\"\r\n        style=\"margin: 0px 20px; padding: 20px 0px 0px; overflow: hidden; color: #666666; font-family: tahoma, arial, \'Microsoft YaHei\', \'Hiragino Sans GB\', u5b8bu4f53, sans-serif; font-size: 12px; background-color: #ffffff;\">\r\n        <div class=\"item-mc\" style=\"margin: 0px; padding: 18px 10px 0px;\">\r\n            <div class=\"book-detail-content\" style=\"margin: 0px; padding: 0px; line-height: 24px; font-size: 14px;\">\r\n\r\n                <p style=\"margin: 0px; padding: 0px;\">\r\n                    阿尔贝•加缪（1913—1960）<br>\r\n\r\n                    是法国声名卓著的小说家、散文家和剧作家，“存在主义”文学的大师。1957年因“热情而冷静地阐明了当代向人类良知提出的种种问题”而获诺贝尔文学奖，是有史以来最年轻的诺奖获奖作家之一。\r\n                </p>\r\n            </div>\r\n        </div>\r\n    </div>\r\n    <div id=\"detail-tag-id-3\" class=\"book-detail-item\"\r\n        style=\"margin: 0px 20px; padding: 20px 0px 0px; overflow: hidden; color: #666666; font-family: tahoma, arial, \'Microsoft YaHei\', \'Hiragino Sans GB\', u5b8bu4f53, sans-serif; font-size: 12px; background-color: #ffffff;\">\r\n        <div class=\"item-mt\" style=\"margin: 0px; padding: 0px; height: 25px; border-bottom: 3px solid #e4393c;\">\r\n            <h3\r\n                style=\"margin: 0px; padding: 0px 0px 0px 20px; font-size: 14px; line-height: 28px; width: 99px; height: 25px; overflow: hidden; color: #ffffff; background: url(\'//static.360buyimg.com/item/unite/1.0.103/components/book/css/i/item.sprite.png\') 0px -13px no-repeat;\">\r\n                内容简介</h3>\r\n        </div>\r\n        <div class=\"item-mc\" style=\"margin: 0px; padding: 18px 10px 0px;\">\r\n            <div class=\"book-detail-content\" style=\"margin: 0px; padding: 0px; line-height: 24px; font-size: 14px;\">\r\n                <p style=\"margin: 0px; padding: 0px;\">\r\n                    加缪在他的小说、戏剧、随笔和论著中深刻地揭示出人在异己的世界中的孤独、个人与自身的日益异化，以及罪恶和死亡的不可避免，但他在揭示出世界的荒诞的同时却并不绝望和颓丧，他主张要在荒诞中奋起反抗，在绝望中坚持真理和正义，他为世人指出了一条基督教和马克思主义以外的自由人道主义道路。他直面惨淡人生的勇气，他“知其不可而为之”的大无畏精神使他在第二次世界大战之后不仅在法国，而且在欧洲并最终在全世界成为他那一代人的代言人和下一代人的精神导师。\r\n\r\n                    <br /><img style=\"display: block; margin-left: auto; margin-right: auto;\"\r\n                        src=\"http://127.0.0.1:3000/public/goods/xxfssh.jpg\" alt=\"yjs2.png\" width=\"400\" height=\"400\" />\r\n                </p>\r\n            </div>\r\n        </div>\r\n    </div>', 66, NULL, 0, '2022-03-26 13:51:07', '2022-03-26 13:51:07');
INSERT INTO `goods` VALUES (4, NULL, 2, '小王子', NULL, 66, 33, 'http://114.55.94.207:3000/public/goods/xwz.jpg', NULL, '   <div id=\"detail-tag-id-2\" class=\"book-detail-item\"\r\n        style=\"margin: 0px 20px; padding: 20px 0px 0px; overflow: hidden; color: #666666; font-family: tahoma, arial, \'Microsoft YaHei\', \'Hiragino Sans GB\', u5b8bu4f53, sans-serif; font-size: 12px; background-color: #ffffff;\">\r\n        <div class=\"item-mc\" style=\"margin: 0px; padding: 18px 10px 0px;\">\r\n            <div class=\"book-detail-content\" style=\"margin: 0px; padding: 0px; line-height: 24px; font-size: 14px;\">\r\n\r\n                <p style=\"margin: 0px; padding: 0px;\">\r\n                    安托万·德·圣埃克苏佩里（Antoine de Saint-Exupery, 1900-1944）<br>\r\n\r\n                    他曾经有志于报考海军学院，未能如愿，却有幸成了空军的一员。1923年退役后，先后从事过各种不同的职业。\r\n\r\n1926年，圣埃克苏佩里进入拉泰科埃尔航空公司。在此期间，出版小说《南方邮件》（1929）、《夜航》（1931），从此他在文学上声誉鹊起。1939年，又一部作品《人的大地》问世。\r\n\r\n第二次世界大战期间他重入法国空军。后辗转去纽约开始流亡生活。在这期间，写出《空军飞行员》、《给一个人质的信》、《小王子》（1943）等作品。1944年返回同盟国地中海空军部队。在当年7月31日的一次飞行任务中，他驾驶飞机飞上湛蓝的天空，就此再也没有回来。\r\n                </p>\r\n            </div>\r\n        </div>\r\n    </div>\r\n    <div id=\"detail-tag-id-3\" class=\"book-detail-item\"\r\n        style=\"margin: 0px 20px; padding: 20px 0px 0px; overflow: hidden; color: #666666; font-family: tahoma, arial, \'Microsoft YaHei\', \'Hiragino Sans GB\', u5b8bu4f53, sans-serif; font-size: 12px; background-color: #ffffff;\">\r\n        <div class=\"item-mt\" style=\"margin: 0px; padding: 0px; height: 25px; border-bottom: 3px solid #e4393c;\">\r\n            <h3\r\n                style=\"margin: 0px; padding: 0px 0px 0px 20px; font-size: 14px; line-height: 28px; width: 99px; height: 25px; overflow: hidden; color: #ffffff; background: url(\'//static.360buyimg.com/item/unite/1.0.103/components/book/css/i/item.sprite.png\') 0px -13px no-repeat;\">\r\n                内容简介</h3>\r\n        </div>\r\n        <div class=\"item-mc\" style=\"margin: 0px; padding: 18px 10px 0px;\">\r\n            <div class=\"book-detail-content\" style=\"margin: 0px; padding: 0px; line-height: 24px; font-size: 14px;\">\r\n                <p style=\"margin: 0px; padding: 0px;\">\r\n                    小王子是一个超凡脱俗的仙童，他住在一颗只比他大一丁点儿的小行星上。陪伴他的是一朵他非常喜爱的小玫瑰花。但玫瑰花的虚荣心伤害了小王子对她的感情。小王子告别小行星，开始了遨游太空的旅行。他先后访问了六个行星，各种见闻使他陷入忧伤，他感到大人们荒唐可笑、太不正常。只有在其中一个点灯人的星球上，小王子才找到一个可以作为朋友的人。但点灯人的天地又十分狭小，除了点灯人他自己，不能容下第二个人。在地理学家的指点下，孤单的小王子来到人类居住的地球。\r\n\r\n                    小王子发现人类缺乏想象力，只知像鹦鹉那样重复别人讲过的话。小王子这时越来越思念自己星球上的那枝小玫瑰。后来，小王子遇到一只小狐狸，小王子用耐心征服了小狐狸，与它结成了亲密的朋友。小狐狸把自己心中的秘密——肉眼看不见事务的本质，只有用心灵才能洞察一切——作为礼物，送给小王子。用这个秘密，小王子在撒哈拉大沙漠与遇险的飞行员一起找到了生命的泉水。最后，小王子在蛇的帮助下离开地球，重新回到他的B612号小行星上。\r\n                    \r\n                    童话描写小王子没有被成人那骗人的世界所征服，而最终找到自己的理想。这理想就是连结宇宙万物的爱，而这种爱又是世间所缺少的。因此，小王子常常流露出一种伤感的情绪。作者圣埃克絮佩里在献辞中说：这本书是献给长成了大人的从前那个孩子。\r\n                    \r\n                    《小王子》不仅赢得了儿童读者，也为成年人所喜爱，作品凝练的语言渗透了作者对人类及人类文明深邃的思索。它所表现出的讽刺与幻想，真情与哲理，使之成为法国乃至世界上最为著名的一部童话小说。\r\n\r\n                    <br /><img style=\"display: block; margin-left: auto; margin-right: auto;\"\r\n                        src=\"http://127.0.0.1:3000/public/goods/xwz.jpg\" alt=\"yjs2.png\" width=\"400\" height=\"400\" />\r\n                </p>\r\n            </div>\r\n        </div>\r\n    </div>', 66, NULL, 1, '2022-04-12 15:23:31', '2022-04-12 15:23:31');
INSERT INTO `goods` VALUES (5, NULL, 6, '幸福之路', NULL, 22, 22, 'http://114.55.94.207:3000/public/goods/xfzl.jpg', NULL, '    <div id=\"detail-tag-id-2\" class=\"book-detail-item\"\r\n        style=\"margin: 0px 20px; padding: 20px 0px 0px; overflow: hidden; color: #666666; font-family: tahoma, arial, \'Microsoft YaHei\', \'Hiragino Sans GB\', u5b8bu4f53, sans-serif; font-size: 12px; background-color: #ffffff;\">\r\n        <div class=\"item-mc\" style=\"margin: 0px; padding: 18px 10px 0px;\">\r\n            <div class=\"book-detail-content\" style=\"margin: 0px; padding: 0px; line-height: 24px; font-size: 14px;\">\r\n\r\n                <p style=\"margin: 0px; padding: 0px;\">\r\n                    罗素（Bertrand Russell，1872—1970）<br>\r\n\r\n                    罗素曾访问苏联，会见列宁；受梁启超邀请，他于1920—1921年间到中国讲学9个月，与中国的知识分子和各界人士广泛接触,推进了中国的新文化运动,“罗素热”风靡全国。\r\n\r\n                    他一生著述七八十种，其大部分作品都能把理论的深刻性和表达的通俗性结合起来，其流畅清新的散文享誉甚高，1950年被授予诺贝尔文学奖。\r\n                    \r\n                    罗素相信：不幸在很大程度上应该归因于一种错误的世界观；而幸福是人的一种权利，是人们应该追求的东西。在《幸福之路》中，罗素把一些经由他自己的经验和观察证实过的通情达理的意见娓娓地归纳出来，制出一张献给读者的方子，希望无数感到郁闷的男男女女，能够在此找到他们的病案，能够凭着适当的努力变得幸福。\r\n                </p>\r\n            </div>\r\n        </div>\r\n    </div>\r\n    <div id=\"detail-tag-id-3\" class=\"book-detail-item\"\r\n        style=\"margin: 0px 20px; padding: 20px 0px 0px; overflow: hidden; color: #666666; font-family: tahoma, arial, \'Microsoft YaHei\', \'Hiragino Sans GB\', u5b8bu4f53, sans-serif; font-size: 12px; background-color: #ffffff;\">\r\n        <div class=\"item-mt\" style=\"margin: 0px; padding: 0px; height: 25px; border-bottom: 3px solid #e4393c;\">\r\n            <h3\r\n                style=\"margin: 0px; padding: 0px 0px 0px 20px; font-size: 14px; line-height: 28px; width: 99px; height: 25px; overflow: hidden; color: #ffffff; background: url(\'//static.360buyimg.com/item/unite/1.0.103/components/book/css/i/item.sprite.png\') 0px -13px no-repeat;\">\r\n                内容简介</h3>\r\n        </div>\r\n        <div class=\"item-mc\" style=\"margin: 0px; padding: 18px 10px 0px;\">\r\n            <div class=\"book-detail-content\" style=\"margin: 0px; padding: 0px; line-height: 24px; font-size: 14px;\">\r\n                <p style=\"margin: 0px; padding: 0px;\">\r\n                    《幸福之路》作者罗素在书中的论述是最为精彩纷呈和实用有效的。亚里士多德论述过哲学家纯粹思辨的幸福；帕斯卡尔描述过圣者皈依洞见的幸福。至于最大多数人如何把握日常生活中的幸福。经典，就是那种读了一遍，还可以读第二第三遍，经得起反复读的作品；是那种我们自已读，还乐丁推荐给朋友，甚至留给孩子阅读的作品。\r\n\r\n经典像一口依然泉水甘冽的老井，其味饮者自知。面对经典，我们并不仅仅是为消遣，更多是为了丰富我们人生的内涵，“苟日新，日日新，又日新”，力求每天读出一点新认识、新体会。\r\n\r\n\r\n\r\n                    <br /><img style=\"display: block; margin-left: auto; margin-right: auto;\"\r\n                        src=\"http://127.0.0.1:3000/public/goods/xfzl.jpg\" alt=\"yjs2.png\" width=\"400\" height=\"400\" />\r\n                </p>\r\n            </div>\r\n        </div>\r\n    </div>', 223, NULL, 1, '2022-03-26 13:51:13', '2022-03-26 13:51:13');
INSERT INTO `goods` VALUES (6, NULL, 6, '苏菲的世界', NULL, 76, 33, 'http://114.55.94.207:3000/public/goods/sfdsj.jpg', NULL, '    <div id=\"detail-tag-id-2\" class=\"book-detail-item\"\r\n        style=\"margin: 0px 20px; padding: 20px 0px 0px; overflow: hidden; color: #666666; font-family: tahoma, arial, \'Microsoft YaHei\', \'Hiragino Sans GB\', u5b8bu4f53, sans-serif; font-size: 12px; background-color: #ffffff;\">\r\n        <div class=\"item-mc\" style=\"margin: 0px; padding: 18px 10px 0px;\">\r\n            <div class=\"book-detail-content\" style=\"margin: 0px; padding: 0px; line-height: 24px; font-size: 14px;\">\r\n\r\n                <p style=\"margin: 0px; padding: 0px;\">\r\n                    乔斯坦·贾德，1952年生于挪威<br>\r\n\r\n                    担任高中哲学教师多年，以《苏菲的世界》一书，奠定全球知名畅销作家的地位；执著于人的本质与人生终极意义的探索与思考；设立挪威环境与发展奖项——“苏菲奖”。\r\n                </p>\r\n            </div>\r\n        </div>\r\n    </div>\r\n    <div id=\"detail-tag-id-3\" class=\"book-detail-item\"\r\n        style=\"margin: 0px 20px; padding: 20px 0px 0px; overflow: hidden; color: #666666; font-family: tahoma, arial, \'Microsoft YaHei\', \'Hiragino Sans GB\', u5b8bu4f53, sans-serif; font-size: 12px; background-color: #ffffff;\">\r\n        <div class=\"item-mt\" style=\"margin: 0px; padding: 0px; height: 25px; border-bottom: 3px solid #e4393c;\">\r\n            <h3\r\n                style=\"margin: 0px; padding: 0px 0px 0px 20px; font-size: 14px; line-height: 28px; width: 99px; height: 25px; overflow: hidden; color: #ffffff; background: url(\'//static.360buyimg.com/item/unite/1.0.103/components/book/css/i/item.sprite.png\') 0px -13px no-repeat;\">\r\n                内容简介</h3>\r\n        </div>\r\n        <div class=\"item-mc\" style=\"margin: 0px; padding: 18px 10px 0px;\">\r\n            <div class=\"book-detail-content\" style=\"margin: 0px; padding: 0px; line-height: 24px; font-size: 14px;\">\r\n                <p style=\"margin: 0px; padding: 0px;\">\r\n                    这本书以小说的形式，通过一名哲学导师向一个叫苏菲的女孩传授哲学知识的经过，揭示了西方哲学发展的历程。由前苏格拉底时代到萨特，以及亚里士多德、笛卡儿、黑格尔等人的思想都通过作者生动的笔触跃然纸上，并配以当时的历史背景加以解释，引人入胜。评论家认为，对于那些从未读过哲学课程的人而言，此书是最为合适的入门书，而对于那些以往读过一些哲学而已忘得一干二净的人士，也可起到温故知新的作用。\r\n\r\n14岁的少女苏菲不断接到一些极不寻常的来信，世界像谜团一般在她眼前展开。在一位神秘导师的指引下，苏菲开始思索，她运用少女天生的悟性与后天知识，企图解开这些谜团。然而，事实真相远比她所想的更怪异、更离奇……\r\n\r\n\r\n\r\n                    <br /><img style=\"display: block; margin-left: auto; margin-right: auto;\"\r\n                        src=\"http://127.0.0.1:3000/public/goods/sfdsj.jpg\" alt=\"yjs2.png\" width=\"400\" height=\"400\" />\r\n                </p>\r\n            </div>\r\n        </div>\r\n    </div>', 33, NULL, 1, '2022-04-06 20:22:37', '2022-04-06 20:22:37');
INSERT INTO `goods` VALUES (7, NULL, 6, '人生的智慧', NULL, 121, 321, 'http://114.55.94.207:3000/public/goods/rsdzh.jpg', NULL, '   <div id=\"detail-tag-id-2\" class=\"book-detail-item\"\r\n        style=\"margin: 0px 20px; padding: 20px 0px 0px; overflow: hidden; color: #666666; font-family: tahoma, arial, \'Microsoft YaHei\', \'Hiragino Sans GB\', u5b8bu4f53, sans-serif; font-size: 12px; background-color: #ffffff;\">\r\n        <div class=\"item-mc\" style=\"margin: 0px; padding: 18px 10px 0px;\">\r\n            <div class=\"book-detail-content\" style=\"margin: 0px; padding: 0px; line-height: 24px; font-size: 14px;\">\r\n\r\n                <p style=\"margin: 0px; padding: 0px;\">\r\n                    叔本华（Arthur Schopenhauer，1788—1860）<br>\r\n\r\n                    1788年2月22日诞生在但泽（今波兰格旦斯克）一个异常显赫的富商家庭，自称“性格遗传自父亲，而智慧遗传自母亲”。他一生未婚，没有子女，以狗为伴。叔本华家产万贯，但不得志，一直过着隐居的生活。25岁发表了认识论的名篇《论充足理性原则的四重根》。30岁完成了主要著作《作为意欲和表象的世界》，首版发行500本，绝大部分放在仓库里。53岁出版《伦理学的两个根本问题》。62岁完成《附录和补遗》，印数750本，没有稿费。65岁时《附录和补遗》使沉寂多年的权本华成名，他在一首诗中写道：“此刻的我站在路的尽头，老迈的头颅无力承受月桂花环。”1860年9月21日在法兰克福病逝。\r\n                </p>\r\n            </div>\r\n        </div>\r\n    </div>\r\n    <div id=\"detail-tag-id-3\" class=\"book-detail-item\"\r\n        style=\"margin: 0px 20px; padding: 20px 0px 0px; overflow: hidden; color: #666666; font-family: tahoma, arial, \'Microsoft YaHei\', \'Hiragino Sans GB\', u5b8bu4f53, sans-serif; font-size: 12px; background-color: #ffffff;\">\r\n        <div class=\"item-mt\" style=\"margin: 0px; padding: 0px; height: 25px; border-bottom: 3px solid #e4393c;\">\r\n            <h3\r\n                style=\"margin: 0px; padding: 0px 0px 0px 20px; font-size: 14px; line-height: 28px; width: 99px; height: 25px; overflow: hidden; color: #ffffff; background: url(\'//static.360buyimg.com/item/unite/1.0.103/components/book/css/i/item.sprite.png\') 0px -13px no-repeat;\">\r\n                内容简介</h3>\r\n        </div>\r\n        <div class=\"item-mc\" style=\"margin: 0px; padding: 18px 10px 0px;\">\r\n            <div class=\"book-detail-content\" style=\"margin: 0px; padding: 0px; line-height: 24px; font-size: 14px;\">\r\n                <p style=\"margin: 0px; padding: 0px;\">\r\n                    他于1850年写了《附录和补遗》一书，《人生的智慧》是该书中的一部分。在书中，他以优雅的文体，格言式的笔触阐述了自己对人生的看法。《人生的智慧》使沉寂多年的叔本华在晚年一举成名。我社出版的这本全译本是我国第一个根据德文版译出的中文本。这本书讨论的事情与我们的世俗生活至为接近，诸如健康、财富、名声、荣誉、养生和待人接物所应遵守的原则等。正如叔本华所说的，在这本书里他尽量以世俗、实用的角度考虑问题。因此，这本书尤其适合大众阅读。虽然叔氏尽量放弃了居高俯临的审视角度，但关于错综复杂并因此众说纷纭的世俗人情的话题，经过这位思想大师一贯深刻而因此透彻的讨论之后，变得清晰简明，话题也几已穷尽矣。\r\n\r\n\r\n\r\n\r\n\r\n                    <br /><img style=\"display: block; margin-left: auto; margin-right: auto;\"\r\n                        src=\"http://127.0.0.1:3000/public/goods/rsdzh.jpg\" alt=\"yjs2.png\" width=\"400\" height=\"400\" />\r\n                </p>\r\n            </div>\r\n        </div>\r\n    </div>', 22, NULL, 1, '2022-03-26 13:51:18', '2022-03-26 13:51:18');
INSERT INTO `goods` VALUES (8, NULL, 1, '人类简史', NULL, 99, 333, 'http://114.55.94.207:3000/public/goods/rljs.jpg', NULL, '    <div id=\"detail-tag-id-2\" class=\"book-detail-item\"\r\n        style=\"margin: 0px 20px; padding: 20px 0px 0px; overflow: hidden; color: #666666; font-family: tahoma, arial, \'Microsoft YaHei\', \'Hiragino Sans GB\', u5b8bu4f53, sans-serif; font-size: 12px; background-color: #ffffff;\">\r\n        <div class=\"item-mc\" style=\"margin: 0px; padding: 18px 10px 0px;\">\r\n            <div class=\"book-detail-content\" style=\"margin: 0px; padding: 0px; line-height: 24px; font-size: 14px;\">\r\n\r\n                <p style=\"margin: 0px; padding: 0px;\">\r\n                    尤瓦尔·赫拉利，1976年生<br>\r\n\r\n                    牛津大学历史学博士，现为耶路撒冷希伯来大学的历史系教授，青年怪才，全球瞩目的新锐历史学家。\r\n\r\n他擅长世界历史和宏观历史进程研究。在学术领域和大众出版领域都有很大的兴趣。\r\n\r\n他的《人类简史》一书让他一举成名，成为以色列超级畅销书，目前这本书已授20多个国家版权，在历史学之外，人类学、生态学、基因学等领域的知识信手拈来，根据图书改变的课程上传YOUTUBE后风靡全球，拥有大批青年粉丝。写书，视频课程之外，他还开设有专栏。\r\n                </p>\r\n            </div>\r\n        </div>\r\n    </div>\r\n    <div id=\"detail-tag-id-3\" class=\"book-detail-item\"\r\n        style=\"margin: 0px 20px; padding: 20px 0px 0px; overflow: hidden; color: #666666; font-family: tahoma, arial, \'Microsoft YaHei\', \'Hiragino Sans GB\', u5b8bu4f53, sans-serif; font-size: 12px; background-color: #ffffff;\">\r\n        <div class=\"item-mt\" style=\"margin: 0px; padding: 0px; height: 25px; border-bottom: 3px solid #e4393c;\">\r\n            <h3\r\n                style=\"margin: 0px; padding: 0px 0px 0px 20px; font-size: 14px; line-height: 28px; width: 99px; height: 25px; overflow: hidden; color: #ffffff; background: url(\'//static.360buyimg.com/item/unite/1.0.103/components/book/css/i/item.sprite.png\') 0px -13px no-repeat;\">\r\n                内容简介</h3>\r\n        </div>\r\n        <div class=\"item-mc\" style=\"margin: 0px; padding: 18px 10px 0px;\">\r\n            <div class=\"book-detail-content\" style=\"margin: 0px; padding: 0px; line-height: 24px; font-size: 14px;\">\r\n                <p style=\"margin: 0px; padding: 0px;\">\r\n                    十万年前，地球上至少有六种不同的人\r\n\r\n                    但今日，世界舞台为什么只剩下了我们自己？\r\n                    \r\n                    从只能啃食虎狼吃剩的残骨的猿人，到跃居食物链顶端的智人，\r\n                    \r\n                    从雪维洞穴壁上的原始人手印，到阿姆斯壮踩上月球的脚印，\r\n                    \r\n                    从认知革命、农业革命，到科学革命、生物科技革命，\r\n                    \r\n                    我们如何登上世界舞台成为万物之灵的？\r\n                    \r\n                    从公元前1776年的《汉摩拉比法典》，到1776年的美国独立宣言，\r\n                    \r\n                    从帝国主义、资本主义，到自由主义、消费主义，\r\n                    \r\n                    从兽欲，到物欲，从兽性、人性，到神性，\r\n                    \r\n                    我们了解自己吗？我们过得更快乐吗？\r\n                    \r\n                    我们究竟希望自己得到什么、变成什么？\r\n\r\n\r\n\r\n\r\n\r\n                    <br /><img style=\"display: block; margin-left: auto; margin-right: auto;\"\r\n                        src=\"http://127.0.0.1:3000/public/goods/rljs.jpg\" alt=\"yjs2.png\" width=\"400\" height=\"400\" />\r\n                </p>\r\n            </div>\r\n        </div>\r\n    </div>', 3131, NULL, 1, '2022-03-26 13:51:20', '2022-03-26 13:51:20');
INSERT INTO `goods` VALUES (9, NULL, 6, '理想国', NULL, 66, 1111, 'http://114.55.94.207:3000/public/goods/lxg.jpg', NULL, '   <div id=\"detail-tag-id-2\" class=\"book-detail-item\"\r\n        style=\"margin: 0px 20px; padding: 20px 0px 0px; overflow: hidden; color: #666666; font-family: tahoma, arial, \'Microsoft YaHei\', \'Hiragino Sans GB\', u5b8bu4f53, sans-serif; font-size: 12px; background-color: #ffffff;\">\r\n        <div class=\"item-mc\" style=\"margin: 0px; padding: 18px 10px 0px;\">\r\n            <div class=\"book-detail-content\" style=\"margin: 0px; padding: 0px; line-height: 24px; font-size: 14px;\">\r\n\r\n                <p style=\"margin: 0px; padding: 0px;\">\r\n                    柏拉图（公元前427年－347年）<br>\r\n\r\n                    古希腊的大哲学家，苏格拉底（公元前469年－399）的学生，亚里士多德（公元前384年－322年）的老师。他一生大部分时间居住在古希腊民族文化中心的雅典。他热爱祖国，热爱哲学。他的最高理想，哲学家应为政治家，政治家应为哲学家。哲学家不是躲在象牙塔里的书呆，应该学以致用，求诸实践。有哲学头脑的人，要有政权，有政权的人，要有哲学头脑。\r\n                </p>\r\n            </div>\r\n        </div>\r\n    </div>\r\n    <div id=\"detail-tag-id-3\" class=\"book-detail-item\"\r\n        style=\"margin: 0px 20px; padding: 20px 0px 0px; overflow: hidden; color: #666666; font-family: tahoma, arial, \'Microsoft YaHei\', \'Hiragino Sans GB\', u5b8bu4f53, sans-serif; font-size: 12px; background-color: #ffffff;\">\r\n        <div class=\"item-mt\" style=\"margin: 0px; padding: 0px; height: 25px; border-bottom: 3px solid #e4393c;\">\r\n            <h3\r\n                style=\"margin: 0px; padding: 0px 0px 0px 20px; font-size: 14px; line-height: 28px; width: 99px; height: 25px; overflow: hidden; color: #ffffff; background: url(\'//static.360buyimg.com/item/unite/1.0.103/components/book/css/i/item.sprite.png\') 0px -13px no-repeat;\">\r\n                内容简介</h3>\r\n        </div>\r\n        <div class=\"item-mc\" style=\"margin: 0px; padding: 18px 10px 0px;\">\r\n            <div class=\"book-detail-content\" style=\"margin: 0px; padding: 0px; line-height: 24px; font-size: 14px;\">\r\n                <p style=\"margin: 0px; padding: 0px;\">\r\n                    《理想国》涉及柏拉图思想体系的各个方面，包括哲学、伦理、教育、文艺、政治等内容，主要是探讨理想国家的问题。\r\n\r\n《理想国》一书是柏拉图的一篇重要对话录，对话录里柏拉图以苏格拉底之口通过与其他人对话的方式设计了一个真、善、美相统一的政体，即可以达到公正的理想国。柏拉图的理想国是人类历史上最早的乌托邦。在他的理想国里统治者必须是哲学家，他认为现存的政治都是坏的，人类的真正出路在于哲学家掌握政权，也只有真正的哲学家才能拯救当时城邦所处的危机。这种信念构成了柏拉图成熟的政治哲学体系的核心。在他的眼里“哲学家”有着特殊的内涵。他认为哲学家是最高尚、最有学识的人，而这种贤人统治下的贤人政体就是最好是政体。所以，只有建立以哲学家为国王的国家才是最理想的国家。这个国家就是存在于天上的模范国家。\r\n\r\n在他看来，哲学家的本质是具有知识，具有智慧、正义、善的美德，只有哲学家才能达到对国家最高理念的认识，即对“善”的把握，而其他人也只能把握“意见”而已。治国作为一门知识，也只有哲学家才能掌握它，进而有资格执政，也就是说只有哲学家才能达到对于国家理念的认识，知道“理想国”应该怎样组织、怎样治理。这样，所谓哲学家执政，就被柏拉图理解为高超的智慧、真实的知识、完美的德行和绝对最高权力的结合。他坚信只有哲学家才可拯救城邦和人民，哲学家是理想国必然的统治者。\r\n\r\n人类追求的正义与善就是柏拉图理想国的主题，他认为国家、政治和法律要朝向真正的存在并与人的灵魂相关才有意义。在《理想国》里苏格拉底刚开始讨论的话题就是“正义”问题，由此我们可以看到柏拉图对正义有着多么强烈的憧憬与向往！他认为绝对的正义在神那里，这正好印证了对话结尾的宣言，“让我们永远走向上的路，追求正义和智慧”。正义和智慧不仅是国家的主题，也可以说是整个宇宙存在的本质，因为国家的起点“就是永无止境的时间以及时间带来的变化”。\r\n\r\n柏拉图的正义表现在爱情上就是节制。在我们很多人看来，柏拉图式的爱情似乎是精神恋的代名词，用来指称那种超越时间、空间，不以占有对方肉体为目的的只存在于灵魂间的爱情。而实际上柏拉图式爱情的真谛指的是一种对节制的崇尚，对善和美的追求。\r\n\r\n\r\n\r\n\r\n\r\n                    <br /><img style=\"display: block; margin-left: auto; margin-right: auto;\"\r\n                        src=\"http://127.0.0.1:3000/public/goods/lxg.jpg\" alt=\"yjs2.png\" width=\"400\" height=\"400\" />\r\n                </p>\r\n            </div>\r\n        </div>\r\n    </div>', 211, NULL, 1, '2022-04-12 15:23:28', '2022-04-12 15:23:28');
INSERT INTO `goods` VALUES (10, NULL, 6, '大问题', NULL, 89, 121, 'http://114.55.94.207:3000/public/goods/dwt.jpg', NULL, '    <div id=\"detail-tag-id-2\" class=\"book-detail-item\"\r\n        style=\"margin: 0px 20px; padding: 20px 0px 0px; overflow: hidden; color: #666666; font-family: tahoma, arial, \'Microsoft YaHei\', \'Hiragino Sans GB\', u5b8bu4f53, sans-serif; font-size: 12px; background-color: #ffffff;\">\r\n        <div class=\"item-mc\" style=\"margin: 0px; padding: 18px 10px 0px;\">\r\n            <div class=\"book-detail-content\" style=\"margin: 0px; padding: 0px; line-height: 24px; font-size: 14px;\">\r\n\r\n                <p style=\"margin: 0px; padding: 0px;\">\r\n                    罗伯特•所罗门（1942—2007）<br>\r\n\r\n                    世界著名哲学家和哲学教师，尤精于尼采、存在主义哲学和情感理论的研究，特别擅长用日常生活中的例子来解释大哲学家复杂的思想，同时又不失其严格性。他生前是美国得克萨斯大学奥斯汀分校的“Quincy Lee百年纪念” 讲席教授和杰出授课教授。他在密歇根大学获得博士学位，曾在普林斯顿大学、匹兹堡大学和加州大学执教。他出版过四十多本著作。\r\n\r\n凯思林•希金斯（Kathleen M. Higgins），美国得克萨斯大学奥斯汀分校的哲学教授，耶鲁大学哲学博士，曾在奥克兰大学、加州大学河滨分校和得克萨斯大学任教，是所罗门的妻子。她也出版、编写或与人合编了很多著作。\r\n                </p>\r\n            </div>\r\n        </div>\r\n    </div>\r\n    <div id=\"detail-tag-id-3\" class=\"book-detail-item\"\r\n        style=\"margin: 0px 20px; padding: 20px 0px 0px; overflow: hidden; color: #666666; font-family: tahoma, arial, \'Microsoft YaHei\', \'Hiragino Sans GB\', u5b8bu4f53, sans-serif; font-size: 12px; background-color: #ffffff;\">\r\n        <div class=\"item-mt\" style=\"margin: 0px; padding: 0px; height: 25px; border-bottom: 3px solid #e4393c;\">\r\n            <h3\r\n                style=\"margin: 0px; padding: 0px 0px 0px 20px; font-size: 14px; line-height: 28px; width: 99px; height: 25px; overflow: hidden; color: #ffffff; background: url(\'//static.360buyimg.com/item/unite/1.0.103/components/book/css/i/item.sprite.png\') 0px -13px no-repeat;\">\r\n                内容简介</h3>\r\n        </div>\r\n        <div class=\"item-mc\" style=\"margin: 0px; padding: 18px 10px 0px;\">\r\n            <div class=\"book-detail-content\" style=\"margin: 0px; padding: 0px; line-height: 24px; font-size: 14px;\">\r\n                <p style=\"margin: 0px; padding: 0px;\">\r\n                    本书的目的就是引导读者进入真正思考的大门。罗伯特•所罗门教授尤以擅长授课和写作清晰晓畅著称，他不像一般哲学导论著作那样按照事件发生的顺序罗列哲学史上的一些观点，而是完全把读者当成一点都不了解哲学，从而按照一些大问题来组织材料，叙述生动，字里行间都透露出为普通读者的考虑。随着讨论的不断深入，读者会自然而然地进入哲学的殿堂，在不知不觉中熟悉哲学史上一些最重要的观点，而且很可能会对许多问题重新进行审视，真正享受思考的乐趣。\r\n\r\n                    哲学就是对智慧的爱。它是对价值重要性的坚持，是对完全陷入生活琐事而仅仅随波逐流的拒斥。我们渴望洞察，企盼理解，但我们的生活被常规攫住了，不时会被那些所谓的“消遣”或“娱乐”活动分神。我们失去的是思考的快乐、理解的挑战、灵感，以及哲学的慰藉。我们都是借着思想而生活的，所以问题的关键不在于是否从事哲学，而在于是接受一种廉价的、没有挑战的替代品，还是试图进行真正的思考。\r\n                    \r\n                    \r\n\r\n\r\n\r\n\r\n\r\n                    <br /><img style=\"display: block; margin-left: auto; margin-right: auto;\"\r\n                        src=\"http://127.0.0.1:3000/public/goods/dwt.jpg\" alt=\"yjs2.png\" width=\"400\" height=\"400\" />\r\n                </p>\r\n            </div>\r\n        </div>\r\n    </div>', 1212, NULL, 0, '2022-03-26 13:51:25', '2022-03-26 13:51:25');
INSERT INTO `goods` VALUES (11, NULL, 13, '挪威的深林', NULL, 66, 122, 'http://114.55.94.207:3000/public/goods/nwdsl.jpg', NULL, '    <div id=\"detail-tag-id-2\" class=\"book-detail-item\"\r\n        style=\"margin: 0px 20px; padding: 20px 0px 0px; overflow: hidden; color: #666666; font-family: tahoma, arial, \'Microsoft YaHei\', \'Hiragino Sans GB\', u5b8bu4f53, sans-serif; font-size: 12px; background-color: #ffffff;\">\r\n        <div class=\"item-mc\" style=\"margin: 0px; padding: 18px 10px 0px;\">\r\n            <div class=\"book-detail-content\" style=\"margin: 0px; padding: 0px; line-height: 24px; font-size: 14px;\">\r\n\r\n                <p style=\"margin: 0px; padding: 0px;\">\r\n                    村上春树（1949- ）<br>\r\n\r\n                    日本小说家。曾在早稻田大学文学部戏剧科就读。1979年，他的第一部小说《听风之歌》问世后，即被搬上了银幕。随后，他的优秀作品《1973年的弹子球》、《寻羊冒险记》、《挪威的森林》等相继发表。他的创作不受传统拘束，构思新奇，行文潇洒自在，而又不流于庸俗浅薄。尤其是在刻画人的孤独无奈方面更有特色，他没有把这种情绪写成负的东西，而是通过内心的心智性操作使之升华为一种优雅的格调，一种乐在其中的境界，以此来为读者，尤其是生活在城市里的人们提供了一种生活模式或生命的体验。\r\n                </p>\r\n            </div>\r\n        </div>\r\n    </div>\r\n    <div id=\"detail-tag-id-3\" class=\"book-detail-item\"\r\n        style=\"margin: 0px 20px; padding: 20px 0px 0px; overflow: hidden; color: #666666; font-family: tahoma, arial, \'Microsoft YaHei\', \'Hiragino Sans GB\', u5b8bu4f53, sans-serif; font-size: 12px; background-color: #ffffff;\">\r\n        <div class=\"item-mt\" style=\"margin: 0px; padding: 0px; height: 25px; border-bottom: 3px solid #e4393c;\">\r\n            <h3\r\n                style=\"margin: 0px; padding: 0px 0px 0px 20px; font-size: 14px; line-height: 28px; width: 99px; height: 25px; overflow: hidden; color: #ffffff; background: url(\'//static.360buyimg.com/item/unite/1.0.103/components/book/css/i/item.sprite.png\') 0px -13px no-repeat;\">\r\n                内容简介</h3>\r\n        </div>\r\n        <div class=\"item-mc\" style=\"margin: 0px; padding: 18px 10px 0px;\">\r\n            <div class=\"book-detail-content\" style=\"margin: 0px; padding: 0px; line-height: 24px; font-size: 14px;\">\r\n                <p style=\"margin: 0px; padding: 0px;\">\r\n                    这是一部动人心弦的、平缓舒雅的、略带感伤的恋爱小说。小说主人公渡边以第一人称展开他同两个女孩间的爱情纠葛。渡边的第一个恋人直子原是他高中要好同学木月的女友，后来木月自杀了。一年后渡边同直子不期而遇并开始交往。此时的直子已变得娴静腼腆，美丽晶莹的眸子里不时掠过一丝难以捕捉的阴翳。两人只是日复一日地在落叶飘零的东京街头漫无目标地或前或后或并肩行走不止。直子20岁生日的晚上两人发生了性关系，不料第二天直子便不知去向。几个月后直子来信说她住进一家远在深山里的精神疗养院。渡边前去探望时发现直子开始带有成熟女性的丰腴与娇美。晚间两人虽同处一室，但渡边约束了自己，分手前表示永远等待直子。返校不久，由于一次偶然相遇，渡边开始与低年级的绿子交往。绿子同内向的直子截然相反，“简直就像迎着春天的晨光蹦跳到世界上来的一头小鹿”。这期间，渡边内心十分苦闷彷徨。一方面念念不忘直子缠绵的病情与柔情，一方面又难以抗拒绿子大胆的表白和迷人的活力。不久传来直子自杀的噩耗，渡边失魂魄地四处徒步旅行。最后，在直子同房病友玲子的鼓励下，开始摸索此后的人生。\r\n\r\n\r\n\r\n\r\n\r\n\r\n\r\n                    <br /><img style=\"display: block; margin-left: auto; margin-right: auto;\"\r\n                        src=\"http://127.0.0.1:3000/public/goods/nwdsl.jpg\" alt=\"yjs2.png\" width=\"400\" height=\"400\" />\r\n                </p>\r\n            </div>\r\n        </div>\r\n    </div>', 333, NULL, 1, '2022-03-26 13:51:29', '2022-03-26 13:51:29');
INSERT INTO `goods` VALUES (12, NULL, 2, '傲慢与偏见', NULL, 66, 22, 'http://114.55.94.207:3000/public/goods/amypj.jpg', NULL, '    <div id=\"detail-tag-id-2\" class=\"book-detail-item\"\r\n        style=\"margin: 0px 20px; padding: 20px 0px 0px; overflow: hidden; color: #666666; font-family: tahoma, arial, \'Microsoft YaHei\', \'Hiragino Sans GB\', u5b8bu4f53, sans-serif; font-size: 12px; background-color: #ffffff;\">\r\n        <div class=\"item-mc\" style=\"margin: 0px; padding: 18px 10px 0px;\">\r\n            <div class=\"book-detail-content\" style=\"margin: 0px; padding: 0px; line-height: 24px; font-size: 14px;\">\r\n\r\n                <p style=\"margin: 0px; padding: 0px;\">\r\n                    简•奥斯丁（1775—1817）<br>\r\n\r\n                    英国十八世纪末、十九世纪初最为著名的女作家，被誉为“十八世纪精华荟萃的百花园中最后，也是最绚丽的鲜花”；所著六部小说皆为传世经典：《傲慢与偏见》《理智与情感》《爱玛》《劝导》《诺桑觉寺》《曼斯菲尔德庄园》。用文学评论巨匠埃德蒙•威尔逊的话来讲，就是在英国文学近一又四分之一世纪的历史上，曾发生过几次趣味的革命，惟独莎士比亚和奥斯丁经久不衰。\r\n                </p>\r\n            </div>\r\n        </div>\r\n    </div>\r\n    <div id=\"detail-tag-id-3\" class=\"book-detail-item\"\r\n        style=\"margin: 0px 20px; padding: 20px 0px 0px; overflow: hidden; color: #666666; font-family: tahoma, arial, \'Microsoft YaHei\', \'Hiragino Sans GB\', u5b8bu4f53, sans-serif; font-size: 12px; background-color: #ffffff;\">\r\n        <div class=\"item-mt\" style=\"margin: 0px; padding: 0px; height: 25px; border-bottom: 3px solid #e4393c;\">\r\n            <h3\r\n                style=\"margin: 0px; padding: 0px 0px 0px 20px; font-size: 14px; line-height: 28px; width: 99px; height: 25px; overflow: hidden; color: #ffffff; background: url(\'//static.360buyimg.com/item/unite/1.0.103/components/book/css/i/item.sprite.png\') 0px -13px no-repeat;\">\r\n                内容简介</h3>\r\n        </div>\r\n        <div class=\"item-mc\" style=\"margin: 0px; padding: 18px 10px 0px;\">\r\n            <div class=\"book-detail-content\" style=\"margin: 0px; padding: 0px; line-height: 24px; font-size: 14px;\">\r\n                <p style=\"margin: 0px; padding: 0px;\">\r\n                    《傲慢与偏见》是奥斯丁代表作，讲述了班纳特太太的毕生大志就是把五个闺女体面地嫁掉，故而总是把近旁有财产的单身汉看成某个女儿应得的一笔财产。于是有了几对青年男女跌宕起伏的分分合合：豪门子弟达西与聪慧机敏的二女伊丽莎白之间的谗言误会，富家公子彬格莱与贤淑善良的长女吉英之间的欲说还休，浪荡公子韦翰与轻佻无理的小女丽迪雅的私奔秽闻……最终男女主人公放下了各自的傲慢与偏见，做出合乎自己道德的选择。作品充分表达了作者本人的婚姻观，强调经济利益和门第观念对婚恋的影响。堪称文艺青年案头经典。\r\n\r\n                    本版收录19世纪末英国画家休•汤姆森独具魅力、流传至今的原版插图70余幅，呈现妙文美图双重盛宴\r\n                    <br /><img style=\"display: block; margin-left: auto; margin-right: auto;\"\r\n                        src=\"http://127.0.0.1:3000/public/goods/amypj.jpg\" alt=\"yjs2.png\" width=\"400\" height=\"400\" />\r\n                </p>\r\n            </div>\r\n        </div>\r\n    </div>', 555, NULL, 0, '2022-03-26 13:51:32', '2022-03-26 13:51:32');
INSERT INTO `goods` VALUES (13, NULL, 2, '追风筝的人', NULL, 77, 22, 'http://127.0.0.1:3000/public/goods/zfzdr.jpg', NULL, '   <div id=\"detail-tag-id-2\" class=\"book-detail-item\"\r\n        style=\"margin: 0px 20px; padding: 20px 0px 0px; overflow: hidden; color: #666666; font-family: tahoma, arial, \'Microsoft YaHei\', \'Hiragino Sans GB\', u5b8bu4f53, sans-serif; font-size: 12px; background-color: #ffffff;\">\r\n        <div class=\"item-mc\" style=\"margin: 0px; padding: 18px 10px 0px;\">\r\n            <div class=\"book-detail-content\" style=\"margin: 0px; padding: 0px; line-height: 24px; font-size: 14px;\">\r\n\r\n                <p style=\"margin: 0px; padding: 0px;\">\r\n                    卡勒德·胡赛尼（Khaled Hosseini）<br>\r\n\r\n                    1965年生于阿富汗喀布尔市，后随父亲迁往美国。胡赛尼毕业于加州大学圣地亚哥医学系，现居加州。“立志拂去蒙在阿富汗普通民众面孔的尘灰，将背后灵魂的悸动展示给世人。”著有小说《追风筝的人》(The Kite Runner，2003）、《灿烂千阳》(A Thousand Splendid Suns，2007)、《群山回唱》（And the Mountains Echoed,2013）。作品全球销量超过4000万册。2006年，因其作品巨大的国际影响力，胡赛尼获得联合国人道主义奖，并受邀担任联合国难民署亲善大使。\r\n\r\n\r\n                </p>\r\n            </div>\r\n        </div>\r\n    </div>\r\n    <div id=\"detail-tag-id-3\" class=\"book-detail-item\"\r\n        style=\"margin: 0px 20px; padding: 20px 0px 0px; overflow: hidden; color: #666666; font-family: tahoma, arial, \'Microsoft YaHei\', \'Hiragino Sans GB\', u5b8bu4f53, sans-serif; font-size: 12px; background-color: #ffffff;\">\r\n        <div class=\"item-mt\" style=\"margin: 0px; padding: 0px; height: 25px; border-bottom: 3px solid #e4393c;\">\r\n            <h3\r\n                style=\"margin: 0px; padding: 0px 0px 0px 20px; font-size: 14px; line-height: 28px; width: 99px; height: 25px; overflow: hidden; color: #ffffff; background: url(\'//static.360buyimg.com/item/unite/1.0.103/components/book/css/i/item.sprite.png\') 0px -13px no-repeat;\">\r\n                内容简介</h3>\r\n        </div>\r\n        <div class=\"item-mc\" style=\"margin: 0px; padding: 18px 10px 0px;\">\r\n            <div class=\"book-detail-content\" style=\"margin: 0px; padding: 0px; line-height: 24px; font-size: 14px;\">\r\n                <p style=\"margin: 0px; padding: 0px;\">\r\n                    12岁的阿富汗富家少爷阿米尔与仆人哈桑情同手足。然而，在一场风筝比赛后，发生了一件悲惨不堪的事，阿米尔为自己的懦弱感到自责和痛苦，逼走了哈桑，不久，自己也跟随父亲逃往美国。\r\n\r\n成年后的阿米尔始终无法原谅自己当年对哈桑的背叛。为了赎罪，阿米尔再度踏上暌违二十多年的故乡，希望能为不幸的好友尽最后一点心力，却发现一个惊天谎言，儿时的噩梦再度重演，阿米尔该如何抉择？\r\n\r\n故事如此残忍而又美丽，作者以温暖细腻的笔法勾勒人性的本质与救赎，读来令人荡气回肠。\r\n\r\n\r\n\r\n\r\n\r\n                    <br /><img style=\"display: block; margin-left: auto; margin-right: auto;\"\r\n                        src=\"http://127.0.0.1:3000/public/goods/zfzdr.jpg\" alt=\"yjs2.png\" width=\"400\" height=\"400\" />\r\n                </p>\r\n            </div>\r\n        </div>\r\n    </div>', 333, NULL, 0, '2022-03-26 14:29:23', '2022-03-26 14:29:23');
INSERT INTO `goods` VALUES (14, NULL, 2, '1984', NULL, 99, 66, 'http://127.0.0.1:3000/public/goods/1984.jpg', NULL, '    <div id=\"detail-tag-id-2\" class=\"book-detail-item\"\r\n        style=\"margin: 0px 20px; padding: 20px 0px 0px; overflow: hidden; color: #666666; font-family: tahoma, arial, \'Microsoft YaHei\', \'Hiragino Sans GB\', u5b8bu4f53, sans-serif; font-size: 12px; background-color: #ffffff;\">\r\n        <div class=\"item-mc\" style=\"margin: 0px; padding: 18px 10px 0px;\">\r\n            <div class=\"book-detail-content\" style=\"margin: 0px; padding: 0px; line-height: 24px; font-size: 14px;\">\r\n\r\n                <p style=\"margin: 0px; padding: 0px;\">\r\n                    乔治•奥威尔（1903-1950）<br>\r\n\r\n                    1903年出生于印度，1907年举家迁回英国，后因经济原因无力深造，被迫远走缅甸，参加帝国警察部队。终因厌倦殖民行径、痴迷写作而辞去公职，辗转回到欧洲，流亡伦敦、巴黎等地，一边深刻体验下层民众生活，一遍从事文学创作，有多部作品出版。1936年西班牙内战爆发，参加左翼组织，因重伤返回英国，但最终树立社会主义信念。1939年，二战爆发，积极参加反纳粹的活动。由于西班牙内战与二战的苦痛经历，对战争与和平、极权与民主、社会关怀与人类理想进行了深刻的思考。\r\n\r\n1945年，著名的政治寓言小说《动物农场》出版。1949年，《1984》问世，在全球产生深远影响。作品入选多国中学生必读书目，被翻译成62种文字，总销量超过5000万册。\r\n\r\n1950年，因肺病去世，年仅47岁。\r\n\r\n                </p>\r\n            </div>\r\n        </div>\r\n    </div>\r\n    <div id=\"detail-tag-id-3\" class=\"book-detail-item\"\r\n        style=\"margin: 0px 20px; padding: 20px 0px 0px; overflow: hidden; color: #666666; font-family: tahoma, arial, \'Microsoft YaHei\', \'Hiragino Sans GB\', u5b8bu4f53, sans-serif; font-size: 12px; background-color: #ffffff;\">\r\n        <div class=\"item-mt\" style=\"margin: 0px; padding: 0px; height: 25px; border-bottom: 3px solid #e4393c;\">\r\n            <h3\r\n                style=\"margin: 0px; padding: 0px 0px 0px 20px; font-size: 14px; line-height: 28px; width: 99px; height: 25px; overflow: hidden; color: #ffffff; background: url(\'//static.360buyimg.com/item/unite/1.0.103/components/book/css/i/item.sprite.png\') 0px -13px no-repeat;\">\r\n                内容简介</h3>\r\n        </div>\r\n        <div class=\"item-mc\" style=\"margin: 0px; padding: 18px 10px 0px;\">\r\n            <div class=\"book-detail-content\" style=\"margin: 0px; padding: 0px; line-height: 24px; font-size: 14px;\">\r\n                <p style=\"margin: 0px; padding: 0px;\">\r\n                    1984》是一部杰出的政治寓言小说，也是一部幻想小说。作品刻画了人类在极权主义社会的生存状态，有若一个永不褪色的警示标签，警醒世人提防这种预想中的黑暗成为现实。历经几十年，其生命力益显强大，被誉为20世纪影响最为深远的文学经典之一。\r\n\r\n\r\n\r\n\r\n\r\n                    <br /><img style=\"display: block; margin-left: auto; margin-right: auto;\"\r\n                        src=\"http://127.0.0.1:3000/public/goods/1984.jpg\" alt=\"yjs2.png\" width=\"400\" height=\"400\" />\r\n                </p>\r\n            </div>\r\n        </div>\r\n    </div>', 233, NULL, 1, '2022-03-26 14:29:27', '2022-03-26 14:29:27');
INSERT INTO `goods` VALUES (15, NULL, 2, '到灯塔去', NULL, 78, 11, 'http://127.0.0.1:3000/public/goods/ddtq.jpg', NULL, '    <div id=\"detail-tag-id-2\" class=\"book-detail-item\"\r\n        style=\"margin: 0px 20px; padding: 20px 0px 0px; overflow: hidden; color: #666666; font-family: tahoma, arial, \'Microsoft YaHei\', \'Hiragino Sans GB\', u5b8bu4f53, sans-serif; font-size: 12px; background-color: #ffffff;\">\r\n        <div class=\"item-mc\" style=\"margin: 0px; padding: 18px 10px 0px;\">\r\n            <div class=\"book-detail-content\" style=\"margin: 0px; padding: 0px; line-height: 24px; font-size: 14px;\">\r\n\r\n                <p style=\"margin: 0px; padding: 0px;\">\r\n                    弗吉尼亚·伍尔夫（1882—1941）<br>\r\n                     是一位英国女作家和女权主义者。在两次世界大战期间，伍尔夫是伦敦文学界的一个象征。出生于伦敦的伍尔夫是在家中接受教育的，在结婚以前，她的名字是艾德琳·弗吉尼亚·斯蒂芬（Adeline Virginia Stephen）。在1895年，她的母亲去世之后，她也遭遇了第一次的精神崩溃。后来她在自传《片刻的存在》(Momens of Being)中道出她和姐姐瓦内萨·贝尔（Vanessa Bell）曾遭受其后母儿子（无血缘关系）乔治和杰瑞德·杜克沃斯（Gerald Duckworth）的性侵犯。在1904年她父亲莱斯利·斯蒂芬爵士（Sir Leslie Stephen，编辑和文学批评家）去世之后，她和瓦内萨迁居到了布卢姆斯伯里（BloomsBury）。\r\n\r\n                    她在1905年开始以写作作为职业。刚开始是为《泰晤士报文学增刊》写作。在1912年她和雷纳德·伍尔夫结婚，她丈夫是一位公务员、政治理论家。她的第一部小说《The Voyage Out》在1915年出版。\r\n                    \r\n                    普遍认为伍尔夫是引导现代主义潮流的先锋；她被认为是二十世纪最伟大的小说家之一和同时也是现代主义者。她大大地革新了英语语言。她在小说中尝试意识流的写作方法，试图去描绘在人们心底里的潜意识。有人在一篇评论里讲到她将英语“朝着光明的方向推进了一小步”。她在文学上的成就和创造性至今仍然产生很大的影响。\r\n                </p>\r\n            </div>\r\n        </div>\r\n    </div>\r\n    <div id=\"detail-tag-id-3\" class=\"book-detail-item\"\r\n        style=\"margin: 0px 20px; padding: 20px 0px 0px; overflow: hidden; color: #666666; font-family: tahoma, arial, \'Microsoft YaHei\', \'Hiragino Sans GB\', u5b8bu4f53, sans-serif; font-size: 12px; background-color: #ffffff;\">\r\n        <div class=\"item-mt\" style=\"margin: 0px; padding: 0px; height: 25px; border-bottom: 3px solid #e4393c;\">\r\n            <h3\r\n                style=\"margin: 0px; padding: 0px 0px 0px 20px; font-size: 14px; line-height: 28px; width: 99px; height: 25px; overflow: hidden; color: #ffffff; background: url(\'//static.360buyimg.com/item/unite/1.0.103/components/book/css/i/item.sprite.png\') 0px -13px no-repeat;\">\r\n                内容简介</h3>\r\n        </div>\r\n        <div class=\"item-mc\" style=\"margin: 0px; padding: 18px 10px 0px;\">\r\n            <div class=\"book-detail-content\" style=\"margin: 0px; padding: 0px; line-height: 24px; font-size: 14px;\">\r\n                <p style=\"margin: 0px; padding: 0px;\">\r\n                    弗吉尼亚·伍尔夫（1882—1941），英国意识流文学的代表性作家之一。《到灯塔去》描写一次大战后拉姆齐教授一家和几个亲密朋友在苏格兰某岛屿上度假的一段生活。作者企图在这部情节非常简单的小说中探讨人生的意义和自我的本质，指出自我有可能逃脱流逝不息的时间的魔掌并不顾死亡的威胁而长存不朽。灯塔塔尖的闪光即象征拉姆齐夫人的灵魂之光。本书的意识流写作手法十分值得注意，如视角转换，两种时间，象征手法，音乐结构，借鉴绘画等。\r\n\r\n\r\n\r\n\r\n                    <br /><img style=\"display: block; margin-left: auto; margin-right: auto;\"\r\n                        src=\"http://127.0.0.1:3000/public/goods/ddtq.jpg\" alt=\"yjs2.png\" width=\"400\" height=\"400\" />\r\n                </p>\r\n            </div>\r\n        </div>\r\n    </div>', 44, NULL, 1, '2022-03-26 14:29:28', '2022-03-26 14:29:28');
INSERT INTO `goods` VALUES (16, NULL, 2, '城南旧事', NULL, 56, 11, 'http://127.0.0.1:3000/public/goods/cnjs.jpg', NULL, '    <div id=\"detail-tag-id-2\" class=\"book-detail-item\"\r\n        style=\"margin: 0px 20px; padding: 20px 0px 0px; overflow: hidden; color: #666666; font-family: tahoma, arial, \'Microsoft YaHei\', \'Hiragino Sans GB\', u5b8bu4f53, sans-serif; font-size: 12px; background-color: #ffffff;\">\r\n        <div class=\"item-mc\" style=\"margin: 0px; padding: 18px 10px 0px;\">\r\n            <div class=\"book-detail-content\" style=\"margin: 0px; padding: 0px; line-height: 24px; font-size: 14px;\">\r\n\r\n                <p style=\"margin: 0px; padding: 0px;\">\r\n                    林海音<br>\r\n                    中国现代著名女作家，被称为“台湾文学的祖母级人物”。\r\n\r\n                    原籍中国台湾，生于日本大阪，童年在北京城南度过。她一生著作颇丰，曾任《联合报》副刊主编，创立的“纯文学出版社”是中国头一个专业的文学出版社，1998年荣获第三届世界华文作家大会颁发的“终身成就奖”。\r\n                    \r\n                    她的代表作《城南旧事》，既是她童年生活的写照，更是当年北京平民生活的写真，也是她最具影响的作品，其中有两篇入选中小学语文课本。\r\n                </p>\r\n            </div>\r\n        </div>\r\n    </div>\r\n    <div id=\"detail-tag-id-3\" class=\"book-detail-item\"\r\n        style=\"margin: 0px 20px; padding: 20px 0px 0px; overflow: hidden; color: #666666; font-family: tahoma, arial, \'Microsoft YaHei\', \'Hiragino Sans GB\', u5b8bu4f53, sans-serif; font-size: 12px; background-color: #ffffff;\">\r\n        <div class=\"item-mt\" style=\"margin: 0px; padding: 0px; height: 25px; border-bottom: 3px solid #e4393c;\">\r\n            <h3\r\n                style=\"margin: 0px; padding: 0px 0px 0px 20px; font-size: 14px; line-height: 28px; width: 99px; height: 25px; overflow: hidden; color: #ffffff; background: url(\'//static.360buyimg.com/item/unite/1.0.103/components/book/css/i/item.sprite.png\') 0px -13px no-repeat;\">\r\n                内容简介</h3>\r\n        </div>\r\n        <div class=\"item-mc\" style=\"margin: 0px; padding: 18px 10px 0px;\">\r\n            <div class=\"book-detail-content\" style=\"margin: 0px; padding: 0px; line-height: 24px; font-size: 14px;\">\r\n                <p style=\"margin: 0px; padding: 0px;\">\r\n                    《城南旧事》是著名女作家林海音于一九六〇年出版的以其七岁到十三岁的生活为背景的一部自传体短篇小说集。 它描写二十世纪二十年代，北京城南一座四合院里，住着英子温暖和睦的一家。它透过主角英子童稚的双眼，向世人展现了大人世界的 悲欢离合，有一种说不出来的天真，却道尽人世复杂的情感，感动了一代又一代的读者。\r\n\r\n\r\n\r\n                    <br /><img style=\"display: block; margin-left: auto; margin-right: auto;\"\r\n                        src=\"http://127.0.0.1:3000/public/goods/cnjs.jpg\" alt=\"yjs2.png\" width=\"400\" height=\"400\" />\r\n                </p>\r\n            </div>\r\n        </div>\r\n    </div>', 22, NULL, 0, '2022-03-26 14:29:31', '2022-03-26 14:29:31');
INSERT INTO `goods` VALUES (17, NULL, 2, '猫武士外传2:蓝星的预言', NULL, 99, 22, 'http://127.0.0.1:3000/public/goods/mws.jpg', NULL, '    <div id=\"detail-tag-id-2\" class=\"book-detail-item\"\r\n        style=\"margin: 0px 20px; padding: 20px 0px 0px; overflow: hidden; color: #666666; font-family: tahoma, arial, \'Microsoft YaHei\', \'Hiragino Sans GB\', u5b8bu4f53, sans-serif; font-size: 12px; background-color: #ffffff;\">\r\n        <div class=\"item-mc\" style=\"margin: 0px; padding: 18px 10px 0px;\">\r\n            <div class=\"book-detail-content\" style=\"margin: 0px; padding: 0px; line-height: 24px; font-size: 14px;\">\r\n\r\n                <p style=\"margin: 0px; padding: 0px;\">\r\n                    艾琳·亨特<br>\r\n                    艾琳·亨特是一位对猫情有独钟、并且着迷于原始丛林世界的作家。代表作品有《猫武士》。艾琳·亨特(ErinHlinter)其实有六人，国籍为英国和美国，“她”是资深的童书作家凯特·卡里(KateCary)、基立·鲍德卓(CherithBaldry)、维多利亚·霍姆斯（Victoria Holmes）、图伊·萨瑟兰（Tui Sutherland）、吉莉安·菲利普（Gillian Philip）和因巴里·艾萨里斯（Inbali Iserles），以维多利亚·霍姆斯为首。她们从2003年起开始文学创作，先后创作多部作品。\r\n\r\n\r\n                </p>\r\n            </div>\r\n        </div>\r\n    </div>\r\n    <div id=\"detail-tag-id-3\" class=\"book-detail-item\"\r\n        style=\"margin: 0px 20px; padding: 20px 0px 0px; overflow: hidden; color: #666666; font-family: tahoma, arial, \'Microsoft YaHei\', \'Hiragino Sans GB\', u5b8bu4f53, sans-serif; font-size: 12px; background-color: #ffffff;\">\r\n        <div class=\"item-mt\" style=\"margin: 0px; padding: 0px; height: 25px; border-bottom: 3px solid #e4393c;\">\r\n            <h3\r\n                style=\"margin: 0px; padding: 0px 0px 0px 20px; font-size: 14px; line-height: 28px; width: 99px; height: 25px; overflow: hidden; color: #ffffff; background: url(\'//static.360buyimg.com/item/unite/1.0.103/components/book/css/i/item.sprite.png\') 0px -13px no-repeat;\">\r\n                内容简介</h3>\r\n        </div>\r\n        <div class=\"item-mc\" style=\"margin: 0px; padding: 18px 10px 0px;\">\r\n            <div class=\"book-detail-content\" style=\"margin: 0px; padding: 0px; line-height: 24px; font-size: 14px;\">\r\n                <p style=\"margin: 0px; padding: 0px;\">\r\n                    本书的故事背景发生在猫武士首部曲以前，讲述了雷族猫蓝星的成长历程。她从一名幼崽开始，就表现出了勇敢机智的性格。她帮助族群渡过了一次又一次难关。母亲和姐姐相继死去之后，她担任了雷族副族长，继而成为族长。同时蓝星也付出了相应的代价。本书的精彩之处在于把蓝星的心理刻画得极其到位，她在挣扎中最终走向一条自己所选择的道路。\r\n\r\n\r\n                    <br /><img style=\"display: block; margin-left: auto; margin-right: auto;\"\r\n                        src=\"http://127.0.0.1:3000/public/goods/mws.jpg\" alt=\"yjs2.png\" width=\"400\" height=\"400\" />\r\n                </p>\r\n            </div>\r\n        </div>\r\n    </div>', 55, NULL, 1, '2022-03-26 14:29:35', '2022-03-26 14:29:35');
INSERT INTO `goods` VALUES (18, NULL, 2, '王小波全集', NULL, 400, 77, 'http://127.0.0.1:3000/public/goods/wxbqj.jpg', NULL, '    <div id=\"detail-tag-id-2\" class=\"book-detail-item\"\r\n        style=\"margin: 0px 20px; padding: 20px 0px 0px; overflow: hidden; color: #666666; font-family: tahoma, arial, \'Microsoft YaHei\', \'Hiragino Sans GB\', u5b8bu4f53, sans-serif; font-size: 12px; background-color: #ffffff;\">\r\n        <div class=\"item-mc\" style=\"margin: 0px; padding: 18px 10px 0px;\">\r\n            <div class=\"book-detail-content\" style=\"margin: 0px; padding: 0px; line-height: 24px; font-size: 14px;\">\r\n\r\n                <p style=\"margin: 0px; padding: 0px;\">\r\n                    王小波<br>\r\n                    当代著名学者、作家。1952年出生于北京，1969年到云南插队，后来在山东转插，做过民办教师。1974年以后在北京街道当工人。1978年考入中国人民大学读本科，1986年在美国匹兹堡大学获文科硕士学位，1988年回国，曾在北京大学、中国人民大学任教。1992年辞职，成为自由撰稿人。1997年4月11日病逝于北京。\r\n\r\n                </p>\r\n            </div>\r\n        </div>\r\n    </div>\r\n    <div id=\"detail-tag-id-3\" class=\"book-detail-item\"\r\n        style=\"margin: 0px 20px; padding: 20px 0px 0px; overflow: hidden; color: #666666; font-family: tahoma, arial, \'Microsoft YaHei\', \'Hiragino Sans GB\', u5b8bu4f53, sans-serif; font-size: 12px; background-color: #ffffff;\">\r\n        <div class=\"item-mt\" style=\"margin: 0px; padding: 0px; height: 25px; border-bottom: 3px solid #e4393c;\">\r\n            <h3\r\n                style=\"margin: 0px; padding: 0px 0px 0px 20px; font-size: 14px; line-height: 28px; width: 99px; height: 25px; overflow: hidden; color: #ffffff; background: url(\'//static.360buyimg.com/item/unite/1.0.103/components/book/css/i/item.sprite.png\') 0px -13px no-repeat;\">\r\n                内容简介</h3>\r\n        </div>\r\n        <div class=\"item-mc\" style=\"margin: 0px; padding: 18px 10px 0px;\">\r\n            <div class=\"book-detail-content\" style=\"margin: 0px; padding: 0px; line-height: 24px; font-size: 14px;\">\r\n                <p style=\"margin: 0px; padding: 0px;\">\r\n                    《王小波全集第一卷》\r\n\r\n长篇小说万寿寺。作者通过一个失忆的主人公对当下生活和薛嵩故事的不断切换，讲述关于自我、记忆、现在、过去、身份、这里、别处的故事。在现实的故事里，主人公寻找的是记忆，也就是他过去的生活和现在的自我。他艺术的生活在世俗庸常生活中，通过对词语的创造来寻找另一种生活。从中，我们可以看出作者对整齐划一的被设置的生活之厌恶，对参差多态的追求，对压抑个性制度化体制的抨击，对自由、有趣、新奇的向往。“一个人拥有此生此世是不够的，他还应该拥有诗意的世界。”这是小说真正要告诉我们的主题。\r\n\r\n《王小波全集第二卷》\r\n\r\n《红拂夜奔》这书题就会让读者认为是写隋末杨素家妓红拂敬慕大军事家李靖，私奔相从的风流逸事。然而，这本书它以现代人的眼光去观照历史，又以历史文化原型来建构现代小说的结构。历史的重建和复归在于人类有共同的心理品质、共同的生存状态和共同的生存困境。王小波写的就是这样一部把历史和现实进行双向建构的小说。\r\n\r\n《王小波全集第三卷》\r\n\r\n长篇小说《寻找无双》及电影、戏剧剧本《东宫？西宫》。前者通过王仙客到长安城的宣阳坊寻找表妹无双，将记忆与遗忘、兔子的悲剧、鱼玄机、王仙客的“梦”以及宣阳坊诸“君子”之事交织与一体。后者讲的是男同性恋的故事，它几乎没有那种情欲氛围，整个故事是靠夜色、对话和一些意识流的回忆镜头和幻想镜头组成的。\r\n\r\n《王小波全集第四卷》\r\n\r\n包括中篇小说《黄金时代》、《三十而立》、《似水流年》、《革命时期的爱情》和《我的阴阳两界》等。这是以文革时期为背景的系列作品构成的长篇。那时，极“左”政治泛滥横行，作为倍受歧视的知识分子，往往丧失了自我意志和个人尊严。书中男主人公遭到各种不公正待遇，但他却摆脱了传统文化人的悲愤心态，以性爱作为对抗外部世界的最后据点，将性爱表现得既放浪形骸又纯净无邪，不但不觉羞耻，还轰轰烈烈地进行到底，对陈规陋习和政治偏见展开了极其尖锐而又饱含幽默的挑战。一次次被斗、挨整，他都处之坦然，乐观为本，获得了价值境界上的全线胜利。作者用一种机智的光辉烛照当年那种无处不在的压抑，使人的精神世界从悲惨暗淡的历史阴影中超拔出来。\r\n\r\n《王小波全集第五卷中篇小说卷》\r\n\r\n作者用两套叙述，在一套叙述中，他描写蹲派出所、挨鞭刑的画家、小说家，以及他们不同寻常的爱情；另一套叙述，则描写他自己作为未来的史学家，因为处世要遵循治史原则而犯下种种“错误”，最后他回到原来的生活、身分，成了没有任何欲望的“正常人”。这两套叙述时时交叉、重合。在所谓的写实与虚构的冲突里，作者创造出任由他穿插、反讽、调侃和游戏性分析的情境来。\r\n\r\n《王小波全集第六卷短篇小说卷》\r\n\r\n集子分三个部分：早期作品，唐人故事，似水柔情。似水柔情即是书名，又是第三部集子的名字，关键还是其中最后一篇小说的名字。收录早期作品，唐人故事，似水柔情。故事出入于历史、现实、未来，在不同时空中反思了权力和乌托邦带给人的伤害。小说奇特的想象和反讽的使用带有作者独特的印记。\r\n\r\n《王小波全集第七卷杂文集》\r\n\r\n作者在该作品中倾注了其对中国民众命运的关注，以反讽和幽默的手法直面生活，从一个轻松的角度来解构身边复杂的事态。该书是为了纪念这位不朽作家离世十周年所编著的，该书根据王小波夫人李银河的授权，将他的部作品系统、全面地提供给读者。\r\n\r\n《王小波全集第八卷杂文集》\r\n\r\n呈现在我们面前的是一道思想的盛宴。以经验主义和自由主义为其思想渊源，王小波站在平民的视角，用平民的写作方式，以犀利的批判意识，为我们展示了一个纯粹的精神家园，给这个世界带来了一道闪电，照亮了许多人的心。\r\n\r\n《王小波全集第九卷书信集》\r\n\r\n《爱你就像爱生命》这个书名出自王小波、李银河一封未面世书信，自1977年，王小波与李银河相识，开始书信往来，到80年代二人在国外求学，一直到90年代，王小波辞去职务成为自由撰稿人，1997年去世。这本书装进了两个人真挚纯净的爱情，也装进了属于他们的那个时代独特的印记。\r\n\r\n《王小波全集第十卷》\r\n\r\n包括中篇小说《大学四年级》、《黑铁时代》、《黑铁公寓》、《最灿烂的阳光》、《白银时代》等，及一些未完成的片段。《黑铁时代》是一个比“青铜”、“黄金”、“白银”还要古远的时代，日后那个辛辣的、大智若愚、笔下毫不留情的王小波在这一时期渐渐浮出水面……本书是王小波作品系列之一，是王小波作品系列小说精编，是最新典藏插图本。\r\n\r\n                    <br /><img style=\"display: block; margin-left: auto; margin-right: auto;\"\r\n                        src=\"http://127.0.0.1:3000/public/goods/wxbqj.jpg\" alt=\"yjs2.png\" width=\"400\" height=\"400\" />\r\n                </p>\r\n            </div>\r\n        </div>\r\n    </div>', 88, NULL, 1, '2022-03-26 14:29:38', '2022-03-26 14:29:38');
INSERT INTO `goods` VALUES (19, NULL, 2, '无名的裘德', NULL, 99, 66, 'http://127.0.0.1:3000/public/goods/wmded.jpg', NULL, '    <div id=\"detail-tag-id-2\" class=\"book-detail-item\"\r\n        style=\"margin: 0px 20px; padding: 20px 0px 0px; overflow: hidden; color: #666666; font-family: tahoma, arial, \'Microsoft YaHei\', \'Hiragino Sans GB\', u5b8bu4f53, sans-serif; font-size: 12px; background-color: #ffffff;\">\r\n        <div class=\"item-mc\" style=\"margin: 0px; padding: 18px 10px 0px;\">\r\n            <div class=\"book-detail-content\" style=\"margin: 0px; padding: 0px; line-height: 24px; font-size: 14px;\">\r\n\r\n                <p style=\"margin: 0px; padding: 0px;\">\r\n                    托马斯·哈代（Thomas Hardy，1840—1928）<br>\r\n                    19世纪英国最杰出的批判现实主义作家、诗人，一生创作了14部长篇小说、大量中短篇小说和诗集，其小说作品以深邃的悲剧特质、无与伦比的自然描摹功力以及对时代的冷静观照著称，代表作包括《远离尘嚣》（1874）、《还乡》（1878）、《卡斯特桥市长》（1886）、《德伯家的苔丝》（1891）、《无名的裘德》（1895）等。弗吉尼亚·伍尔夫称他是“英国小说家中最伟大的悲剧作家”，美国文学评论家卡尔·韦伯将之誉为“英国小说家中的莎士比亚”。\r\n\r\n\r\n                </p>\r\n            </div>\r\n        </div>\r\n    </div>\r\n    <div id=\"detail-tag-id-3\" class=\"book-detail-item\"\r\n        style=\"margin: 0px 20px; padding: 20px 0px 0px; overflow: hidden; color: #666666; font-family: tahoma, arial, \'Microsoft YaHei\', \'Hiragino Sans GB\', u5b8bu4f53, sans-serif; font-size: 12px; background-color: #ffffff;\">\r\n        <div class=\"item-mt\" style=\"margin: 0px; padding: 0px; height: 25px; border-bottom: 3px solid #e4393c;\">\r\n            <h3\r\n                style=\"margin: 0px; padding: 0px 0px 0px 20px; font-size: 14px; line-height: 28px; width: 99px; height: 25px; overflow: hidden; color: #ffffff; background: url(\'//static.360buyimg.com/item/unite/1.0.103/components/book/css/i/item.sprite.png\') 0px -13px no-repeat;\">\r\n                内容简介</h3>\r\n        </div>\r\n        <div class=\"item-mc\" style=\"margin: 0px; padding: 18px 10px 0px;\">\r\n            <div class=\"book-detail-content\" style=\"margin: 0px; padding: 0px; line-height: 24px; font-size: 14px;\">\r\n                <p style=\"margin: 0px; padding: 0px;\">\r\n                    《无名的裘德》(1895)是托马斯·哈代最后一部长篇小说，自此以后，哈代转向诗歌创作，《裘德》也被认为是他小说的“天鹅绝唱”。哈代自称要在书中写出“灵与肉的生死搏斗”，以悲怆的笔调叙述了乡村青年裘德一生的而悲剧。裘德贫困孤苦而又多愁善感，他在艰苦劳作之余，摸索自学，排除重重障碍，来到他视为知识圣地的基督寺（影射牛津），但却只能以石匠之身被拒之于大学门外，壮志未酬而身先死。女主人公淑聪颖美貌，是继承父业的圣像工艺师和受过师范教育的青年女性，其思想言行更体现了当时英国早已萌动的女权运动，而在气质上比裘德多一番接受新思潮的敏锐激进。裘德与淑作为自我奋斗的男女青年，受当时社会条件制约，付出了高昂而又惨痛的代价，但终难施展抱负。《无名的裘德》堪称哈代最具社会批判力度的长篇；这一对失败者的生存奋争和精神追求，是英国十九世纪后半叶乡村教育普及后有知识的一代青年劳动者要求改变自身地位的图影。\r\n\r\n\r\n\r\n                    <br /><img style=\"display: block; margin-left: auto; margin-right: auto;\"\r\n                        src=\"http://127.0.0.1:3000/public/goods/wmded.jpg\" alt=\"yjs2.png\" width=\"400\" height=\"400\" />\r\n                </p>\r\n            </div>\r\n        </div>\r\n    </div>', 99, NULL, 1, '2022-03-26 15:45:03', '2022-03-26 15:45:03');
INSERT INTO `goods` VALUES (20, NULL, 2, '亮剑', NULL, 88, 86, 'http://127.0.0.1:3000/public/goods/lj.jpg', NULL, '    <div id=\"detail-tag-id-2\" class=\"book-detail-item\"\r\n        style=\"margin: 0px 20px; padding: 20px 0px 0px; overflow: hidden; color: #666666; font-family: tahoma, arial, \'Microsoft YaHei\', \'Hiragino Sans GB\', u5b8bu4f53, sans-serif; font-size: 12px; background-color: #ffffff;\">\r\n        <div class=\"item-mc\" style=\"margin: 0px; padding: 18px 10px 0px;\">\r\n            <div class=\"book-detail-content\" style=\"margin: 0px; padding: 0px; line-height: 24px; font-size: 14px;\">\r\n\r\n                <p style=\"margin: 0px; padding: 0px;\">\r\n                    都梁<br>\r\n                    原名杨湛，1954年出生于江苏省淮安市盱眙县。中国内地作家、编剧。出版长篇小说《亮剑》《血色浪漫》《狼烟北平》《荣宝斋》《大崩溃》等五部，其中前四部已被改编成同名影视作品。\r\n\r\n都梁的每一部作品都有独特的情怀与力量。《亮剑》诠释了国之军魂，《血色浪漫》描述了一代人的奋斗史，《狼烟北平》可以当作爱国主义教材，《荣宝斋》堪称一部企业管理学巨作，《大崩溃》则是一部气势恢宏的战争史诗。五部作品类型不同，但其主题却不出“家国”二字。\r\n\r\n都梁笔下的人物具有极强的人格魅力，如《亮剑》中的李云龙、赵刚、楚云飞，《血色浪漫》中的钟跃民、张海洋、袁军，《狼烟北平》中的文三儿、徐金戈、方景林，《荣宝斋》中的张仰山、庄虎臣、张幼林，以及《大崩溃》中的佟满堂、蔡继刚、蔡继恒等，这些人物形象都受到读者的热烈追捧。\r\n\r\n                </p>\r\n            </div>\r\n        </div>\r\n    </div>\r\n    <div id=\"detail-tag-id-3\" class=\"book-detail-item\"\r\n        style=\"margin: 0px 20px; padding: 20px 0px 0px; overflow: hidden; color: #666666; font-family: tahoma, arial, \'Microsoft YaHei\', \'Hiragino Sans GB\', u5b8bu4f53, sans-serif; font-size: 12px; background-color: #ffffff;\">\r\n        <div class=\"item-mt\" style=\"margin: 0px; padding: 0px; height: 25px; border-bottom: 3px solid #e4393c;\">\r\n            <h3\r\n                style=\"margin: 0px; padding: 0px 0px 0px 20px; font-size: 14px; line-height: 28px; width: 99px; height: 25px; overflow: hidden; color: #ffffff; background: url(\'//static.360buyimg.com/item/unite/1.0.103/components/book/css/i/item.sprite.png\') 0px -13px no-repeat;\">\r\n                内容简介</h3>\r\n        </div>\r\n        <div class=\"item-mc\" style=\"margin: 0px; padding: 18px 10px 0px;\">\r\n            <div class=\"book-detail-content\" style=\"margin: 0px; padding: 0px; line-height: 24px; font-size: 14px;\">\r\n                <p style=\"margin: 0px; padding: 0px;\">\r\n                    在《亮剑》一书中，作者用冷静凝重的笔触，刻画了李云龙和他的战友们这一批性格鲜明、经历传奇的人物，读来令人手不释卷，掩卷不能不深思、落泪。\r\n\r\n李云龙是一个叱咤风云、百战沙场的职业军人，是一个一生都在血与火中搏斗的名将。他的人生信条是：“面对强大的对手，明知不敌，也要毅然亮剑，即使倒下，也要成为一座山、一道岭。”\r\n\r\n在战争与和平的时空转换中，李云龙的人生注定要成为一个传奇。\r\n\r\n\r\n                    <br /><img style=\"display: block; margin-left: auto; margin-right: auto;\"\r\n                        src=\"http://127.0.0.1:3000/public/goods/lj.jpg\" alt=\"yjs2.png\" width=\"400\" height=\"400\" />\r\n                </p>\r\n            </div>\r\n        </div>\r\n    </div>', 99, NULL, 0, '2022-03-26 15:45:07', '2022-03-26 15:45:07');
INSERT INTO `goods` VALUES (21, NULL, 3, '宋诗选注', NULL, 199, 56, 'http://127.0.0.1:3000/public/goods/scxz.jpg', NULL, '    <div id=\"detail-tag-id-2\" class=\"book-detail-item\"\r\n        style=\"margin: 0px 20px; padding: 20px 0px 0px; overflow: hidden; color: #666666; font-family: tahoma, arial, \'Microsoft YaHei\', \'Hiragino Sans GB\', u5b8bu4f53, sans-serif; font-size: 12px; background-color: #ffffff;\">\r\n        <div class=\"item-mc\" style=\"margin: 0px; padding: 18px 10px 0px;\">\r\n            <div class=\"book-detail-content\" style=\"margin: 0px; padding: 0px; line-height: 24px; font-size: 14px;\">\r\n\r\n                <p style=\"margin: 0px; padding: 0px;\">\r\n                    钱钟书（1910-1998）<br>\r\n                    默存，号槐聚。中国现代著名的学者和作家。1932年在清华大学结识后来的夫人杨绛，次年毕业，赴上海光华大学执教。1935年与杨绛完婚，然后同赴英国留学。两年后以《十七十八世纪英国文学中的中国》一文获副博士学位，后随妻子杨绛赴法国巴黎大学从事研究。1938年，他被清华大学破例聘为教授，次年转赴国立蓝田师范学院任英文系主任，并开始了《谈艺录》的写作。1941年，珍珠港事件爆发，困于上海，在震旦女子文理学校任教，其间完成了《谈艺录》、《写在人生边上》的写作 。抗战结束后，任上海暨南大学外文系教授兼南京中央图书馆英文馆刊《书林季刊》编辑。在其后的三年中，作品集《人·兽·鬼》、小说《围城》、诗论《谈艺录》相继出版，在学术界引起巨大反响。1949年回到清华任教；1953年调到中国科学院文学研究所，其间完成《宋诗选注》，并参加了《唐诗选》、《中国文学史》（唐宋部分）的编写工作。1966年文化大革命爆发，受冲击，当年11月与妻子一道被派往河南“五七干校”。1972年3月回京，8月《管锥编》定稿。1979年，《管锥编》、《旧文四篇》出版。1982年起担任中国社科院副院长、院特邀顾问；1984年《谈艺录》补订本出版；次年《七缀集》出版。1998年12月19日，钱钟书在北京逝世，终年88岁。\r\n\r\n\r\n                </p>\r\n            </div>\r\n        </div>\r\n    </div>\r\n    <div id=\"detail-tag-id-3\" class=\"book-detail-item\"\r\n        style=\"margin: 0px 20px; padding: 20px 0px 0px; overflow: hidden; color: #666666; font-family: tahoma, arial, \'Microsoft YaHei\', \'Hiragino Sans GB\', u5b8bu4f53, sans-serif; font-size: 12px; background-color: #ffffff;\">\r\n        <div class=\"item-mt\" style=\"margin: 0px; padding: 0px; height: 25px; border-bottom: 3px solid #e4393c;\">\r\n            <h3\r\n                style=\"margin: 0px; padding: 0px 0px 0px 20px; font-size: 14px; line-height: 28px; width: 99px; height: 25px; overflow: hidden; color: #ffffff; background: url(\'//static.360buyimg.com/item/unite/1.0.103/components/book/css/i/item.sprite.png\') 0px -13px no-repeat;\">\r\n                内容简介</h3>\r\n        </div>\r\n        <div class=\"item-mc\" style=\"margin: 0px; padding: 18px 10px 0px;\">\r\n            <div class=\"book-detail-content\" style=\"margin: 0px; padding: 0px; line-height: 24px; font-size: 14px;\">\r\n                <p style=\"margin: 0px; padding: 0px;\">\r\n                   本书是宋诗选本的经典。选诗极有特色，注释翔实。书前有序言，每一诗人前有小传。作者高屋建瓴地对宋代诗人的个性以及宋诗的渊源发展、成败得失，乃至古典诗歌的基本理论进行了精彩的点评和梳理。全书旁征博引，语妙天下。\r\n\r\n\r\n                    <br /><img style=\"display: block; margin-left: auto; margin-right: auto;\"\r\n                        src=\"http://127.0.0.1:3000/public/goods/scxz.jpg\" alt=\"yjs2.png\" width=\"400\" height=\"400\" />\r\n                </p>\r\n            </div>\r\n        </div>\r\n    </div>', 88, NULL, 0, NULL, NULL);
INSERT INTO `goods` VALUES (22, NULL, 3, '生如夏花', NULL, 200, 55, 'http://127.0.0.1:3000/public/goods/fnj.jpg', NULL, '    <div id=\"detail-tag-id-2\" class=\"book-detail-item\"\r\n        style=\"margin: 0px 20px; padding: 20px 0px 0px; overflow: hidden; color: #666666; font-family: tahoma, arial, \'Microsoft YaHei\', \'Hiragino Sans GB\', u5b8bu4f53, sans-serif; font-size: 12px; background-color: #ffffff;\">\r\n        <div class=\"item-mc\" style=\"margin: 0px; padding: 18px 10px 0px;\">\r\n            <div class=\"book-detail-content\" style=\"margin: 0px; padding: 0px; line-height: 24px; font-size: 14px;\">\r\n\r\n                <p style=\"margin: 0px; padding: 0px;\">\r\n                    泰戈尔（Rabindranath Tagore, 1861-1941）<br>\r\n                    印度作家，诗人，社会活动家，生于地主家庭。曾留学英国。1921年创办国际大学。一生创作丰富。1903年起陆续发表长篇小说《小沙子》、《沉船》、《戈拉》，剧本《摩吉多塔拉》、《邮局》、《红夹竹桃》，诗集《吉檀迦利》、《新月集》、《园丁集》和许多中、短篇小说。获1913年诺贝尔文学奖。\r\n\r\n                </p>\r\n            </div>\r\n        </div>\r\n    </div>\r\n    <div id=\"detail-tag-id-3\" class=\"book-detail-item\"\r\n        style=\"margin: 0px 20px; padding: 20px 0px 0px; overflow: hidden; color: #666666; font-family: tahoma, arial, \'Microsoft YaHei\', \'Hiragino Sans GB\', u5b8bu4f53, sans-serif; font-size: 12px; background-color: #ffffff;\">\r\n        <div class=\"item-mt\" style=\"margin: 0px; padding: 0px; height: 25px; border-bottom: 3px solid #e4393c;\">\r\n            <h3\r\n                style=\"margin: 0px; padding: 0px 0px 0px 20px; font-size: 14px; line-height: 28px; width: 99px; height: 25px; overflow: hidden; color: #ffffff; background: url(\'//static.360buyimg.com/item/unite/1.0.103/components/book/css/i/item.sprite.png\') 0px -13px no-repeat;\">\r\n                内容简介</h3>\r\n        </div>\r\n        <div class=\"item-mc\" style=\"margin: 0px; padding: 18px 10px 0px;\">\r\n            <div class=\"book-detail-content\" style=\"margin: 0px; padding: 0px; line-height: 24px; font-size: 14px;\">\r\n                <p style=\"margin: 0px; padding: 0px;\">\r\n                    清新演绎生命与诗歌最美丽的相遇，郑振铎优美译文，再现泰戈尔笔下灵性的芬芳。\r\n\r\n                    <br /><img style=\"display: block; margin-left: auto; margin-right: auto;\"\r\n                        src=\"http://127.0.0.1:3000/public/goods/fnj.jpg\" alt=\"yjs2.png\" width=\"400\" height=\"400\" />\r\n                </p>\r\n            </div>\r\n        </div>\r\n    </div>', 77, NULL, 0, '2022-03-26 15:47:37', '2022-03-26 15:47:37');
INSERT INTO `goods` VALUES (23, NULL, 3, '死亡赋格', NULL, 98, 66, 'http://127.0.0.1:3000/public/goods/swgf.jpg', NULL, '    <div id=\"detail-tag-id-2\" class=\"book-detail-item\"\r\n        style=\"margin: 0px 20px; padding: 20px 0px 0px; overflow: hidden; color: #666666; font-family: tahoma, arial, \'Microsoft YaHei\', \'Hiragino Sans GB\', u5b8bu4f53, sans-serif; font-size: 12px; background-color: #ffffff;\">\r\n        <div class=\"item-mc\" style=\"margin: 0px; padding: 18px 10px 0px;\">\r\n            <div class=\"book-detail-content\" style=\"margin: 0px; padding: 0px; line-height: 24px; font-size: 14px;\">\r\n\r\n                <p style=\"margin: 0px; padding: 0px;\">\r\n                    保罗•策兰\r\n\r\n                    （Paul Celan 1920－1970）<br>\r\n                    二战以来影响最大的德语诗人；1952年，其成名作《死亡赋格》震撼德国；1960年获德国最高文学奖——毕希纳奖。其作品备受海德格尔、伽达默尔、阿多诺、哈贝马斯等著名哲学家和思想家推崇。著有《罂粟与记忆罂粟与记忆》《语言栅栏》《无人的玫瑰》《棉线太阳》等多部诗集。\r\n\r\n\r\n                </p>\r\n            </div>\r\n        </div>\r\n    </div>\r\n    <div id=\"detail-tag-id-3\" class=\"book-detail-item\"\r\n        style=\"margin: 0px 20px; padding: 20px 0px 0px; overflow: hidden; color: #666666; font-family: tahoma, arial, \'Microsoft YaHei\', \'Hiragino Sans GB\', u5b8bu4f53, sans-serif; font-size: 12px; background-color: #ffffff;\">\r\n        <div class=\"item-mt\" style=\"margin: 0px; padding: 0px; height: 25px; border-bottom: 3px solid #e4393c;\">\r\n            <h3\r\n                style=\"margin: 0px; padding: 0px 0px 0px 20px; font-size: 14px; line-height: 28px; width: 99px; height: 25px; overflow: hidden; color: #ffffff; background: url(\'//static.360buyimg.com/item/unite/1.0.103/components/book/css/i/item.sprite.png\') 0px -13px no-repeat;\">\r\n                内容简介</h3>\r\n        </div>\r\n        <div class=\"item-mc\" style=\"margin: 0px; padding: 18px 10px 0px;\">\r\n            <div class=\"book-detail-content\" style=\"margin: 0px; padding: 0px; line-height: 24px; font-size: 14px;\">\r\n                <p style=\"margin: 0px; padding: 0px;\">\r\n                    保罗•策兰是二十世纪下半叶以来最具影响力的德语诗人。策兰的父母丧生于纳粹集中营，本人则历经磨难，在流亡中背负着沉重的记忆进行写作。策兰的诗深受法国超现实主义影响，充斥着奇崛的意象，主题则刻上了深沉且强烈的情感印记，以艰涩的语言和精妙的结构编织韵律感。他用诗歌为所有文学打开了在面对巨大丧失时坚持说话的可能性。\r\n\r\n本书收录了黄灿然精选的策兰178首经典诗作，呈现了不同时期的策兰诗歌的面貌。\r\n\r\n                    <br /><img style=\"display: block; margin-left: auto; margin-right: auto;\"\r\n                        src=\"http://127.0.0.1:3000/public/goods/swgf.jpg\" alt=\"yjs2.png\" width=\"400\" height=\"400\" />\r\n                </p>\r\n            </div>\r\n        </div>\r\n    </div>', 66, NULL, 1, '2022-03-26 20:58:36', '2022-03-26 20:58:36');
INSERT INTO `goods` VALUES (24, NULL, 3, '有只狐狸看月亮', NULL, 76, 55, 'http://127.0.0.1:3000/public/goods/yzhlkyl.jpg', NULL, '    <div id=\"detail-tag-id-2\" class=\"book-detail-item\"\r\n        style=\"margin: 0px 20px; padding: 20px 0px 0px; overflow: hidden; color: #666666; font-family: tahoma, arial, \'Microsoft YaHei\', \'Hiragino Sans GB\', u5b8bu4f53, sans-serif; font-size: 12px; background-color: #ffffff;\">\r\n        <div class=\"item-mc\" style=\"margin: 0px; padding: 18px 10px 0px;\">\r\n            <div class=\"book-detail-content\" style=\"margin: 0px; padding: 0px; line-height: 24px; font-size: 14px;\">\r\n\r\n                <p style=\"margin: 0px; padding: 0px;\">\r\n                    李田田<br>\r\n                    90后乡村女教师，一个来自湘西大山的“小精灵”， 曾用笔名“小辫子”。2016年毕业于湖南第一师范学院，因性情纯朴诗意，教学独特，被学生唤作“仙女老师”；自15岁开始写诗，笔耕不辍，用文字慰藉心灵，渴望跳出世俗的圈子。有组诗被《诗刊》头条重推，在省级刊物发表过小说童话，因写了一篇反形式主义的文章，引起社会广泛关注。\r\n\r\n\r\n                </p>\r\n            </div>\r\n        </div>\r\n    </div>\r\n    <div id=\"detail-tag-id-3\" class=\"book-detail-item\"\r\n        style=\"margin: 0px 20px; padding: 20px 0px 0px; overflow: hidden; color: #666666; font-family: tahoma, arial, \'Microsoft YaHei\', \'Hiragino Sans GB\', u5b8bu4f53, sans-serif; font-size: 12px; background-color: #ffffff;\">\r\n        <div class=\"item-mt\" style=\"margin: 0px; padding: 0px; height: 25px; border-bottom: 3px solid #e4393c;\">\r\n            <h3\r\n                style=\"margin: 0px; padding: 0px 0px 0px 20px; font-size: 14px; line-height: 28px; width: 99px; height: 25px; overflow: hidden; color: #ffffff; background: url(\'//static.360buyimg.com/item/unite/1.0.103/components/book/css/i/item.sprite.png\') 0px -13px no-repeat;\">\r\n                内容简介</h3>\r\n        </div>\r\n        <div class=\"item-mc\" style=\"margin: 0px; padding: 18px 10px 0px;\">\r\n            <div class=\"book-detail-content\" style=\"margin: 0px; padding: 0px; line-height: 24px; font-size: 14px;\">\r\n                <p style=\"margin: 0px; padding: 0px;\">\r\n                   本书收录青年作者李田田创作的童话、小说和诗歌共七组六十九篇（首）。\r\n\r\n作者崇尚自然教育，以孩童般明亮清澈的视角，以诗意的语言融合湘西神秘传说的故事，表达对生态的关注，对亲近大自然的热切向往。在丰盛的“诗想”中，引导读者思索人与自然的关系，唤醒内心深处的童真、童趣回归本真，也通过文本中隐喻的朴素真理，触摸纯净心灵，抵达人与自然的共情。\r\n\r\n                    <br /><img style=\"display: block; margin-left: auto; margin-right: auto;\"\r\n                        src=\"http://127.0.0.1:3000/public/goods/yzhlkyl.jpg\" alt=\"yjs2.png\" width=\"400\" height=\"400\" />\r\n                </p>\r\n            </div>\r\n        </div>\r\n    </div>', 99, NULL, 0, NULL, NULL);
INSERT INTO `goods` VALUES (25, NULL, 3, '月光落在左手上', NULL, 77, 666, 'http://127.0.0.1:3000/public/goods/yglzzss.jpg', NULL, '    <div id=\"detail-tag-id-2\" class=\"book-detail-item\"\r\n        style=\"margin: 0px 20px; padding: 20px 0px 0px; overflow: hidden; color: #666666; font-family: tahoma, arial, \'Microsoft YaHei\', \'Hiragino Sans GB\', u5b8bu4f53, sans-serif; font-size: 12px; background-color: #ffffff;\">\r\n        <div class=\"item-mc\" style=\"margin: 0px; padding: 18px 10px 0px;\">\r\n            <div class=\"book-detail-content\" style=\"margin: 0px; padding: 0px; line-height: 24px; font-size: 14px;\">\r\n\r\n                <p style=\"margin: 0px; padding: 0px;\">\r\n                    余秀华<br>\r\n                    1976年，余秀华出生于湖北钟祥，因出生时倒产脑缺氧而造成脑瘫，致使行动不便。高中毕业后，赋闲在家。2009年，正式开始写诗。2014年11月，在《诗刊》发表诗作。2015年1月，首部诗集《月光落在左手上》上市，荣登豆瓣读书“2015年度中国文学榜”榜顶。同期，获评网易“2015年十大女性奖”之首，并被《出版人》杂志评为“2015年度作者”。2016年11月，导演范俭拍摄的余秀华纪录片《摇摇晃晃的人间》，在素有“纪录片奥斯卡”之称的阿姆斯特丹国际纪录片电影节（IDFA)中获奖。\r\n\r\n                </p>\r\n            </div>\r\n        </div>\r\n    </div>\r\n    <div id=\"detail-tag-id-3\" class=\"book-detail-item\"\r\n        style=\"margin: 0px 20px; padding: 20px 0px 0px; overflow: hidden; color: #666666; font-family: tahoma, arial, \'Microsoft YaHei\', \'Hiragino Sans GB\', u5b8bu4f53, sans-serif; font-size: 12px; background-color: #ffffff;\">\r\n        <div class=\"item-mt\" style=\"margin: 0px; padding: 0px; height: 25px; border-bottom: 3px solid #e4393c;\">\r\n            <h3\r\n                style=\"margin: 0px; padding: 0px 0px 0px 20px; font-size: 14px; line-height: 28px; width: 99px; height: 25px; overflow: hidden; color: #ffffff; background: url(\'//static.360buyimg.com/item/unite/1.0.103/components/book/css/i/item.sprite.png\') 0px -13px no-repeat;\">\r\n                内容简介</h3>\r\n        </div>\r\n        <div class=\"item-mc\" style=\"margin: 0px; padding: 18px 10px 0px;\">\r\n            <div class=\"book-detail-content\" style=\"margin: 0px; padding: 0px; line-height: 24px; font-size: 14px;\">\r\n                <p style=\"margin: 0px; padding: 0px;\">\r\n                    书中的诗歌呈现了诗人对爱情、亲情、日复一日的生活的感悟，带有村庄、土地的朴实气息，混合了女性丰富、敏锐的情感神经。如果你是带着好奇去读余秀华的诗，继而便会被她诗中展现出来的奔放、丰盈、纯净的内心世界席卷，无从抗拒。在现实中，她被贴上“农妇”“诗人”“脑瘫患者”的重重标签，但在诗歌中，她可以抛开这些，尽情倾吐对自由的向往，对于爱情的渴望。就如她所说，“诗歌是什么呢，我不知道，也说不出来，不过是情绪在跳跃，或沉潜。不过是当心灵发出呼唤的时候，它以赤子的姿势到来，不过是一个人摇摇晃晃地在摇摇晃晃的人间走动的时候，它充当了一根拐杖。”\r\n\r\n\r\n\r\n                    <br /><img style=\"display: block; margin-left: auto; margin-right: auto;\"\r\n                        src=\"http://127.0.0.1:3000/public/goods/yglzzss.jpg\" alt=\"yjs2.png\" width=\"400\" height=\"400\" />\r\n                </p>\r\n            </div>\r\n        </div>\r\n    </div>', 99, NULL, 0, '2022-03-26 20:52:13', '2022-03-26 20:52:13');
INSERT INTO `goods` VALUES (26, NULL, 3, '微尘', NULL, 99, 88, 'http://127.0.0.1:3000/public/goods/wc.jpg', NULL, '    <div id=\"detail-tag-id-2\" class=\"book-detail-item\"\r\n        style=\"margin: 0px 20px; padding: 20px 0px 0px; overflow: hidden; color: #666666; font-family: tahoma, arial, \'Microsoft YaHei\', \'Hiragino Sans GB\', u5b8bu4f53, sans-serif; font-size: 12px; background-color: #ffffff;\">\r\n        <div class=\"item-mc\" style=\"margin: 0px; padding: 18px 10px 0px;\">\r\n            <div class=\"book-detail-content\" style=\"margin: 0px; padding: 0px; line-height: 24px; font-size: 14px;\">\r\n\r\n                <p style=\"margin: 0px; padding: 0px;\">\r\n                    陈年喜<br>\r\n                    陕西省商洛市丹凤县人，生于1970年；\r\n\r\n1990年，开始写诗；\r\n\r\n1999年，外出打工，从事矿山爆破工作16年；\r\n\r\n2015年，因颈椎手术另谋生路，参与四川卫视节目《诗歌之王》创作录制；\r\n\r\n2016年，应邀到哈佛大学等名校诗歌交流，同年获第一届桂冠工人诗歌奖；\r\n\r\n2017年，主演纪录片《我的诗篇》上映；\r\n\r\n2019年，出版第一部诗集《炸裂志》；\r\n\r\n2020年，受邀做客央视节目《朗读者》。\r\n\r\n陈年喜高中毕业之后便外出打工，爆破工是他至今做过时间最长的职业。\r\n\r\n成长在秦岭脚下，从小浸酝于老家的秦腔、鼓书等传统文化，陈年喜将其视为自己的文学启蒙。\r\n\r\n在矿山工作期间，陈年喜开始不间断写作，他灵感如泉涌，在炸药箱上、在岩石上、在床铺上，他笔下的诗篇和故事如泉水般源源不断地流淌而出。\r\n\r\n2015年离开矿山后，陈年喜在贵州、北京等地辗转。\r\n\r\n2020年，陈年喜确诊尘肺病。现在，他回到了自己的家乡，他仍在继续写作。\r\n\r\n                </p>\r\n            </div>\r\n        </div>\r\n    </div>\r\n    <div id=\"detail-tag-id-3\" class=\"book-detail-item\"\r\n        style=\"margin: 0px 20px; padding: 20px 0px 0px; overflow: hidden; color: #666666; font-family: tahoma, arial, \'Microsoft YaHei\', \'Hiragino Sans GB\', u5b8bu4f53, sans-serif; font-size: 12px; background-color: #ffffff;\">\r\n        <div class=\"item-mt\" style=\"margin: 0px; padding: 0px; height: 25px; border-bottom: 3px solid #e4393c;\">\r\n            <h3\r\n                style=\"margin: 0px; padding: 0px 0px 0px 20px; font-size: 14px; line-height: 28px; width: 99px; height: 25px; overflow: hidden; color: #ffffff; background: url(\'//static.360buyimg.com/item/unite/1.0.103/components/book/css/i/item.sprite.png\') 0px -13px no-repeat;\">\r\n                内容简介</h3>\r\n        </div>\r\n        <div class=\"item-mc\" style=\"margin: 0px; padding: 18px 10px 0px;\">\r\n            <div class=\"book-detail-content\" style=\"margin: 0px; padding: 0px; line-height: 24px; font-size: 14px;\">\r\n                <p style=\"margin: 0px; padding: 0px;\">\r\n                    这本书收录了陈年喜21篇非虚构故事集。\r\n\r\n                    书中写了一群平凡而朴素的劳动者的故事。\r\n                    \r\n                    他们是爆破工、运石工、乡村木匠、农夫、农妇、小作坊老板……\r\n                    \r\n                    而作家自己的故事，贯穿始终：在地下五千米开山炸石，在烟尘和轰鸣中养家糊口，在工棚和山野中写下诗篇，记录命运的爆裂和寂静。\r\n                    \r\n                    他们虽历经生活的磨砺，却淳朴而硬扎，沉静地诉说关于亲情、爱情、死亡、欲望的生活主题……\r\n                    \r\n                    这是一本生命的书，也是死亡的书，归根到底，是一本生活的书。\r\n                    \r\n                    世界是什么样子？生活是什么样子？我的感觉里，除了绵长、无处不在的风，其余都是尘埃，我们在其中奔突，努力站稳，但更多的时候是东倒西歪，身不由己。\r\n\r\n                    <br /><img style=\"display: block; margin-left: auto; margin-right: auto;\"\r\n                        src=\"http://127.0.0.1:3000/public/goods/wc.jpg\" alt=\"yjs2.png\" width=\"400\" height=\"400\" />\r\n                </p>\r\n            </div>\r\n        </div>\r\n    </div>', 66, NULL, 0, '2022-03-26 20:58:32', '2022-03-26 20:58:32');
INSERT INTO `goods` VALUES (27, NULL, 3, '唐诗杂论', NULL, 123, 55, 'http://127.0.0.1:3000/public/goods/tszl.jpg', NULL, '    <div id=\"detail-tag-id-2\" class=\"book-detail-item\"\r\n        style=\"margin: 0px 20px; padding: 20px 0px 0px; overflow: hidden; color: #666666; font-family: tahoma, arial, \'Microsoft YaHei\', \'Hiragino Sans GB\', u5b8bu4f53, sans-serif; font-size: 12px; background-color: #ffffff;\">\r\n        <div class=\"item-mc\" style=\"margin: 0px; padding: 18px 10px 0px;\">\r\n            <div class=\"book-detail-content\" style=\"margin: 0px; padding: 0px; line-height: 24px; font-size: 14px;\">\r\n\r\n                <p style=\"margin: 0px; padding: 0px;\">\r\n                    闻一多（1899年11月24日－1946年7月15日）<br>\r\n                    汉族，原名闻家骅，又名多、亦多、一多，字友三、友山。中国现代伟大的爱国主义者，坚定的民主战士，中国民主同盟早期领导人，中国共产党的挚友，诗人，学者,民主战士。新月派代表诗人，作品主要收录在《闻一多全集》中。\r\n\r\n                </p>\r\n            </div>\r\n        </div>\r\n    </div>\r\n    <div id=\"detail-tag-id-3\" class=\"book-detail-item\"\r\n        style=\"margin: 0px 20px; padding: 20px 0px 0px; overflow: hidden; color: #666666; font-family: tahoma, arial, \'Microsoft YaHei\', \'Hiragino Sans GB\', u5b8bu4f53, sans-serif; font-size: 12px; background-color: #ffffff;\">\r\n        <div class=\"item-mt\" style=\"margin: 0px; padding: 0px; height: 25px; border-bottom: 3px solid #e4393c;\">\r\n            <h3\r\n                style=\"margin: 0px; padding: 0px 0px 0px 20px; font-size: 14px; line-height: 28px; width: 99px; height: 25px; overflow: hidden; color: #ffffff; background: url(\'//static.360buyimg.com/item/unite/1.0.103/components/book/css/i/item.sprite.png\') 0px -13px no-repeat;\">\r\n                内容简介</h3>\r\n        </div>\r\n        <div class=\"item-mc\" style=\"margin: 0px; padding: 18px 10px 0px;\">\r\n            <div class=\"book-detail-content\" style=\"margin: 0px; padding: 0px; line-height: 24px; font-size: 14px;\">\r\n                <p style=\"margin: 0px; padding: 0px;\">\r\n                    《唐诗杂论》是现代著名学者闻一多先生唐诗研究的经典之作，内容涉及唐代诗歌的多个方面，对唐代著名诗人，如“初唐四杰”、孟浩然、贾岛、岑参、杜甫、李白等人的诗歌成就有独到而深刻的评论与分析。行文优美流畅，兼具知识性与趣味性，引人入胜。\r\n\r\n                    <br /><img style=\"display: block; margin-left: auto; margin-right: auto;\"\r\n                        src=\"http://127.0.0.1:3000/public/goods/tszl.jpg\" alt=\"yjs2.png\" width=\"400\" height=\"400\" />\r\n                </p>\r\n            </div>\r\n        </div>\r\n    </div>', 88, NULL, 0, NULL, NULL);
INSERT INTO `goods` VALUES (28, NULL, 3, '穆旦诗文集（增订版）', NULL, 66, 99, 'http://127.0.0.1:3000/public/goods/wdswj.jpg', NULL, '    <div id=\"detail-tag-id-2\" class=\"book-detail-item\"\r\n        style=\"margin: 0px 20px; padding: 20px 0px 0px; overflow: hidden; color: #666666; font-family: tahoma, arial, \'Microsoft YaHei\', \'Hiragino Sans GB\', u5b8bu4f53, sans-serif; font-size: 12px; background-color: #ffffff;\">\r\n        <div class=\"item-mc\" style=\"margin: 0px; padding: 18px 10px 0px;\">\r\n            <div class=\"book-detail-content\" style=\"margin: 0px; padding: 0px; line-height: 24px; font-size: 14px;\">\r\n\r\n                <p style=\"margin: 0px; padding: 0px;\">\r\n                    穆旦（1918—1977）<br>\r\n                    原名查良铮，著名诗人、翻译家。求学于清华大学外文系、西南联大，参加过中国远征军入缅对日作战部队，四十年代末留美，后回国任教于南开大学，因历次政治运动而人生多艰。\r\n\r\n出版有诗集《探险队》《穆旦诗集》《旗》等，是以现代派风格为特征的九叶诗人之一。二十世纪八十年代之后，许多现代文学专家推其为现代诗歌第一人。\r\n\r\n此外，他翻译的拜伦、雪莱、普希金等人的作品在翻译界有很高声誉，也深深影响了一拨又一拨的读者。\r\n\r\n                </p>\r\n            </div>\r\n        </div>\r\n    </div>\r\n    <div id=\"detail-tag-id-3\" class=\"book-detail-item\"\r\n        style=\"margin: 0px 20px; padding: 20px 0px 0px; overflow: hidden; color: #666666; font-family: tahoma, arial, \'Microsoft YaHei\', \'Hiragino Sans GB\', u5b8bu4f53, sans-serif; font-size: 12px; background-color: #ffffff;\">\r\n        <div class=\"item-mt\" style=\"margin: 0px; padding: 0px; height: 25px; border-bottom: 3px solid #e4393c;\">\r\n            <h3\r\n                style=\"margin: 0px; padding: 0px 0px 0px 20px; font-size: 14px; line-height: 28px; width: 99px; height: 25px; overflow: hidden; color: #ffffff; background: url(\'//static.360buyimg.com/item/unite/1.0.103/components/book/css/i/item.sprite.png\') 0px -13px no-repeat;\">\r\n                内容简介</h3>\r\n        </div>\r\n        <div class=\"item-mc\" style=\"margin: 0px; padding: 18px 10px 0px;\">\r\n            <div class=\"book-detail-content\" style=\"margin: 0px; padding: 0px; line-height: 24px; font-size: 14px;\">\r\n                <p style=\"margin: 0px; padding: 0px;\">\r\n                    《本书曾于2006年初版，分1、2两卷，收集了穆旦除翻译作品之外的诗歌、散文、书信、日记等原创文字，并附有部分亲友和学者撰写的回忆和评述文章。此次出版做了较大程度的修订，一是补充了近年陆续发现的穆旦佚诗佚文，删去了原先误录的《法律像爱情》；二是校正和补充了书中诗文的的原载出处；三是对书中一些文字的错讹之处做了改正；四是对编排顺序做了更严谨的安排。\r\n                    \r\n                    <br /><img style=\"display: block; margin-left: auto; margin-right: auto;\"\r\n                        src=\"http://127.0.0.1:3000/public/goods/wdswj.jpg\" alt=\"yjs2.png\" width=\"400\" height=\"400\" />\r\n                </p>\r\n            </div>\r\n        </div>\r\n    </div>', 67, NULL, 0, '2022-03-26 23:54:33', '2022-03-26 23:54:33');
INSERT INTO `goods` VALUES (29, NULL, 4, '撒哈拉的故事', NULL, 66, 55, 'http://127.0.0.1:3000/public/goods/shldgs.jpg', NULL, '    <div id=\"detail-tag-id-2\" class=\"book-detail-item\"\r\n        style=\"margin: 0px 20px; padding: 20px 0px 0px; overflow: hidden; color: #666666; font-family: tahoma, arial, \'Microsoft YaHei\', \'Hiragino Sans GB\', u5b8bu4f53, sans-serif; font-size: 12px; background-color: #ffffff;\">\r\n        <div class=\"item-mc\" style=\"margin: 0px; padding: 18px 10px 0px;\">\r\n            <div class=\"book-detail-content\" style=\"margin: 0px; padding: 0px; line-height: 24px; font-size: 14px;\">\r\n\r\n                <p style=\"margin: 0px; padding: 0px;\">\r\n                    三毛（1943-1991）<br>\r\n                    1943年3月26日出生于重庆，浙江省定海县人。本名为陈惠平，1946年改名陈平，笔名“三毛”。1964年入中国文化大学哲学系，肄业后曾留学欧洲，婚后定居西属撒哈拉沙漠加那利岛并以当地的生活为背景，写出一连串情感真挚的作品。1981年回到台湾，在中国文化大学任教，1984年辞去教职，专职从事写作和演讲。1991年1月4日自杀而死，终年48岁。\r\n\r\n                    三毛的足迹遍及世界各地，平生著作、译作十分丰富，其中《撒哈拉的故事》《雨季不再来》《哭泣的骆驼》《我的宝贝》《闹学记》《滚滚红尘》等散文、小说、剧本更是脍炙人口，在全球华人社会广为流传，在中国大陆风靡一时，影响了整整一代人。\r\n\r\n                </p>\r\n            </div>\r\n        </div>\r\n    </div>\r\n    <div id=\"detail-tag-id-3\" class=\"book-detail-item\"\r\n        style=\"margin: 0px 20px; padding: 20px 0px 0px; overflow: hidden; color: #666666; font-family: tahoma, arial, \'Microsoft YaHei\', \'Hiragino Sans GB\', u5b8bu4f53, sans-serif; font-size: 12px; background-color: #ffffff;\">\r\n        <div class=\"item-mt\" style=\"margin: 0px; padding: 0px; height: 25px; border-bottom: 3px solid #e4393c;\">\r\n            <h3\r\n                style=\"margin: 0px; padding: 0px 0px 0px 20px; font-size: 14px; line-height: 28px; width: 99px; height: 25px; overflow: hidden; color: #ffffff; background: url(\'//static.360buyimg.com/item/unite/1.0.103/components/book/css/i/item.sprite.png\') 0px -13px no-repeat;\">\r\n                内容简介</h3>\r\n        </div>\r\n        <div class=\"item-mc\" style=\"margin: 0px; padding: 18px 10px 0px;\">\r\n            <div class=\"book-detail-content\" style=\"margin: 0px; padding: 0px; line-height: 24px; font-size: 14px;\">\r\n                <p style=\"margin: 0px; padding: 0px;\">\r\n                    三毛作品中最脍炙人口的《撒哈拉的故事》，由12篇精彩动人的散文结合而成，其中《沙漠中的饭店》，是三毛适应荒凉单调的沙漠生活后，重新拾笔的第一篇文字，自此之后，三毛便写出一系列以沙漠为背景的故事，倾倒了全世界的中文读者。\r\n\r\n                    <br /><img style=\"display: block; margin-left: auto; margin-right: auto;\"\r\n                        src=\"http://127.0.0.1:3000/public/goods/shldgs.jpg\" alt=\"yjs2.png\" width=\"400\" height=\"400\" />\r\n                </p>\r\n            </div>\r\n        </div>\r\n    </div>', 99, NULL, 0, NULL, NULL);
INSERT INTO `goods` VALUES (30, NULL, 4, '书店四季', NULL, 66, 99, 'http://127.0.0.1:3000/public/goods/sdsj.jpg', NULL, '    <div id=\"detail-tag-id-2\" class=\"book-detail-item\"\r\n        style=\"margin: 0px 20px; padding: 20px 0px 0px; overflow: hidden; color: #666666; font-family: tahoma, arial, \'Microsoft YaHei\', \'Hiragino Sans GB\', u5b8bu4f53, sans-serif; font-size: 12px; background-color: #ffffff;\">\r\n        <div class=\"item-mc\" style=\"margin: 0px; padding: 18px 10px 0px;\">\r\n            <div class=\"book-detail-content\" style=\"margin: 0px; padding: 0px; line-height: 24px; font-size: 14px;\">\r\n\r\n                <p style=\"margin: 0px; padding: 0px;\">\r\n                    肖恩•白塞尔（Shaun Bythell）<br>\r\n                    苏格兰最大的二手书店、一家名叫“书店”的书店的店主，他也是威格敦图书节（Wigtown Book Festival）的组织者之一，著有《书店日记》《书店四季》《书店里的七种人》等。\r\n\r\n\r\n                </p>\r\n            </div>\r\n        </div>\r\n    </div>\r\n    <div id=\"detail-tag-id-3\" class=\"book-detail-item\"\r\n        style=\"margin: 0px 20px; padding: 20px 0px 0px; overflow: hidden; color: #666666; font-family: tahoma, arial, \'Microsoft YaHei\', \'Hiragino Sans GB\', u5b8bu4f53, sans-serif; font-size: 12px; background-color: #ffffff;\">\r\n        <div class=\"item-mt\" style=\"margin: 0px; padding: 0px; height: 25px; border-bottom: 3px solid #e4393c;\">\r\n            <h3\r\n                style=\"margin: 0px; padding: 0px 0px 0px 20px; font-size: 14px; line-height: 28px; width: 99px; height: 25px; overflow: hidden; color: #ffffff; background: url(\'//static.360buyimg.com/item/unite/1.0.103/components/book/css/i/item.sprite.png\') 0px -13px no-repeat;\">\r\n                内容简介</h3>\r\n        </div>\r\n        <div class=\"item-mc\" style=\"margin: 0px; padding: 18px 10px 0px;\">\r\n            <div class=\"book-detail-content\" style=\"margin: 0px; padding: 0px; line-height: 24px; font-size: 14px;\">\r\n                <p style=\"margin: 0px; padding: 0px;\">\r\n                   18岁的时候，肖恩•白塞尔第一次在苏格兰小镇威格敦看到那家名叫“书店”（The Book Shop）的书店。他和朋友散步经过，看到堆满书籍的橱窗，对朋友说：“这家店到年底一定倒闭。”\r\n\r\n十三年后，肖恩辞去电视台的职务，买下了这家书店。经过十多年的辛勤工作，“书店”已是苏格兰最大的二手书书店，而威格敦也成为远近闻名的“书城”。肖恩往返各地收购旧书，应付层出不穷的奇葩顾客、古怪店员和电商冲击之下的经营窘境。2017年，他的“行业劝退书”《书店日记》出版，这部反映当代书业生存现状的实录，凭借喜剧天赋和犀利毒舌成为英国书市的年度黑马。\r\n\r\n2019年，续篇《书店四季》出版。新的一年，小镇和“书店”也在经历改变。女友安娜离开了，无视老板的人气店员、“女王”妮基在年底离职，肖恩说那就像一个黄金时代的结束。但故事仍在继续，肖恩依旧出入陌生人的客厅和书房，见证书与人的相聚与分离，黑猫“船长”还镇守着他的地盘，仓库和棚屋改建成活动场地，新来的意大利姑娘伊曼纽埃拉渐渐融入了小镇的生活，更多书店和文艺群落在周边出现，“那些在更加传统的地方不受包容的怪癖，在威格敦却能够得到认同”。\r\n\r\n四季轮替，时光流转，“书店”也愈加坚固地扎根在苏格兰的乡土生活之中。肖恩说：“只怕改变就在不远的将来。尽管如此，味道、氛围和人与人的交往将依然是实体书店的专属保护区……也许书店也会迎来一场小小的复兴，足以让我们中的一些人再多撑一阵子。”\r\n\r\n                    <br /><img style=\"display: block; margin-left: auto; margin-right: auto;\"\r\n                        src=\"http://127.0.0.1:3000/public/goods/sdsj.jpg\" alt=\"yjs2.png\" width=\"400\" height=\"400\" />\r\n                </p>\r\n            </div>\r\n        </div>\r\n    </div>', 99, NULL, 0, '2022-03-27 13:11:29', '2022-03-27 13:11:29');
INSERT INTO `goods` VALUES (31, NULL, 4, '浮生如梦', NULL, 99, 99, 'http://127.0.0.1:3000/public/goods/fsrm.jpg', NULL, '    <div id=\"detail-tag-id-2\" class=\"book-detail-item\"\r\n        style=\"margin: 0px 20px; padding: 20px 0px 0px; overflow: hidden; color: #666666; font-family: tahoma, arial, \'Microsoft YaHei\', \'Hiragino Sans GB\', u5b8bu4f53, sans-serif; font-size: 12px; background-color: #ffffff;\">\r\n        <div class=\"item-mc\" style=\"margin: 0px; padding: 18px 10px 0px;\">\r\n            <div class=\"book-detail-content\" style=\"margin: 0px; padding: 0px; line-height: 24px; font-size: 14px;\">\r\n\r\n                <p style=\"margin: 0px; padding: 0px;\">\r\n                    梁实秋 <br>\r\n                    浮生如梦，我付出的却是真情。\r\n\r\n梁实秋女儿梁文茜授权版本。精选《雅舍》《谈话的艺术》《骂人的艺术》《馋》《北平的冬天》《想我的母亲》等58篇梁氏散文经典，幽默闲适，底蕴丰厚，一册在手，既可令人发笑，又可引人深思。\r\n\r\n精选32幅国画大师齐白石作品作为插画。齐白石的画简练生动， 质朴有趣，与梁实秋的风格可谓水乳交融。两位大师生活时代相近，有些画甚至能直接佐证梁实秋的文章，是大师之间的遥相呼应。\r\n\r\n最能领略梁实秋“学贯中西”、渊博典雅文风的版本。梁实秋的文章看似平易，却处处用典，稍不留神，就会错过。我们特邀青年作家苏辛为本书独家添加231条注释，帮大家读懂、读透文中典故，更深刻地理解一代文宗真正的博雅内涵。\r\n\r\n把人生看淡，却又认真生活；把生活看透，却又付出热爱。在急速变化的时代，守住内心的真与爱，是梁实秋告诉我们的美好生存之道。\r\n\r\n                </p>\r\n            </div>\r\n        </div>\r\n    </div>\r\n    <div id=\"detail-tag-id-3\" class=\"book-detail-item\"\r\n        style=\"margin: 0px 20px; padding: 20px 0px 0px; overflow: hidden; color: #666666; font-family: tahoma, arial, \'Microsoft YaHei\', \'Hiragino Sans GB\', u5b8bu4f53, sans-serif; font-size: 12px; background-color: #ffffff;\">\r\n        <div class=\"item-mt\" style=\"margin: 0px; padding: 0px; height: 25px; border-bottom: 3px solid #e4393c;\">\r\n            <h3\r\n                style=\"margin: 0px; padding: 0px 0px 0px 20px; font-size: 14px; line-height: 28px; width: 99px; height: 25px; overflow: hidden; color: #ffffff; background: url(\'//static.360buyimg.com/item/unite/1.0.103/components/book/css/i/item.sprite.png\') 0px -13px no-repeat;\">\r\n                内容简介</h3>\r\n        </div>\r\n        <div class=\"item-mc\" style=\"margin: 0px; padding: 18px 10px 0px;\">\r\n            <div class=\"book-detail-content\" style=\"margin: 0px; padding: 0px; line-height: 24px; font-size: 14px;\">\r\n                <p style=\"margin: 0px; padding: 0px;\">\r\n                    原名梁治华，字实秋，1903年1月6日出生于北京，浙江杭县（今杭州）人。笔名子佳、秋郎、程淑等。中国著名的现当代散文家、学者、文学批评家、翻译家，国内第一个研究莎士比亚的权威。他一生给中国文坛留下了两千多万字的著作，其散文集创造了中国现代散文著作出版的最高纪录。代表作《莎士比亚全集》（译作）等。\r\n\r\n                    1923年8月赴美留学，取得哈佛大学文学硕士学位。1926年回国后，先后任教于国立东南大学（东南大学前身）、国立青岛大学（山东大学前身）并任外文系主任。1949年到台湾，任台湾师范学院英语系教授。1987年11月3日病逝于台北，享年84岁。\r\n\r\n\r\n\r\n                    <br /><img style=\"display: block; margin-left: auto; margin-right: auto;\"\r\n                        src=\"http://127.0.0.1:3000/public/goods/fsrm.jpg\" alt=\"yjs2.png\" width=\"400\" height=\"400\" />\r\n                </p>\r\n            </div>\r\n        </div>\r\n    </div>', 88, NULL, 0, '2022-03-27 13:11:42', '2022-03-27 13:11:42');
INSERT INTO `goods` VALUES (32, NULL, 4, '希腊三部曲 Ⅱ桃金娘森林宝藏（更新版）', NULL, 88, 99, 'http://127.0.0.1:3000/public/goods/xlsbqu2.jpg', NULL, '    <div id=\"detail-tag-id-2\" class=\"book-detail-item\"\r\n        style=\"margin: 0px 20px; padding: 20px 0px 0px; overflow: hidden; color: #666666; font-family: tahoma, arial, \'Microsoft YaHei\', \'Hiragino Sans GB\', u5b8bu4f53, sans-serif; font-size: 12px; background-color: #ffffff;\">\r\n        <div class=\"item-mc\" style=\"margin: 0px; padding: 18px 10px 0px;\">\r\n            <div class=\"book-detail-content\" style=\"margin: 0px; padding: 0px; line-height: 24px; font-size: 14px;\">\r\n\r\n                <p style=\"margin: 0px; padding: 0px;\">\r\n                    杰拉尔德•达雷尔（1925—1995）<br>\r\n                    6岁立志建造属于自己的动物园； 22岁开始组织采集动物远征队，足迹横跨亚、非、澳、美洲大陆；34岁在泽西岛上成立泽西动物园；51岁，他在泽西动物园旁创建“迷你大学”；67岁英国坎特伯雷肯特大学为肯定他的成就，成立了“达雷尔动物保护及生态学院”；2006为纪念他设立“杰拉尔德•达雷尔濒危野生动物奖”。\r\n\r\n                </p>\r\n            </div>\r\n        </div>\r\n    </div>\r\n    <div id=\"detail-tag-id-3\" class=\"book-detail-item\"\r\n        style=\"margin: 0px 20px; padding: 20px 0px 0px; overflow: hidden; color: #666666; font-family: tahoma, arial, \'Microsoft YaHei\', \'Hiragino Sans GB\', u5b8bu4f53, sans-serif; font-size: 12px; background-color: #ffffff;\">\r\n        <div class=\"item-mt\" style=\"margin: 0px; padding: 0px; height: 25px; border-bottom: 3px solid #e4393c;\">\r\n            <h3\r\n                style=\"margin: 0px; padding: 0px 0px 0px 20px; font-size: 14px; line-height: 28px; width: 99px; height: 25px; overflow: hidden; color: #ffffff; background: url(\'//static.360buyimg.com/item/unite/1.0.103/components/book/css/i/item.sprite.png\') 0px -13px no-repeat;\">\r\n                内容简介</h3>\r\n        </div>\r\n        <div class=\"item-mc\" style=\"margin: 0px; padding: 18px 10px 0px;\">\r\n            <div class=\"book-detail-content\" style=\"margin: 0px; padding: 0px; line-height: 24px; font-size: 14px;\">\r\n                <p style=\"margin: 0px; padding: 0px;\">\r\n                    《桃金娘森林宝藏》是“希腊三部曲”的第二部，看，也是最为成熟诚恳的作品，描写了地理景观变化多端的地中海小岛上，达雷尔在家人无边的宠爱与信任、启蒙老师无价的友谊与指引之下，以最大的自由，挖掘并拥有了自然丰盛宝藏的故事。\r\n\r\n\r\n\r\n\r\n                    <br /><img style=\"display: block; margin-left: auto; margin-right: auto;\"\r\n                        src=\"http://127.0.0.1:3000/public/goods/xlsbqu2.jpg\" alt=\"yjs2.png\" width=\"400\" height=\"400\" />\r\n                </p>\r\n            </div>\r\n        </div>\r\n    </div>', 77, NULL, 0, '2022-03-27 13:19:36', '2022-03-27 13:19:36');
INSERT INTO `goods` VALUES (34, NULL, 4, '加缪手记', NULL, 88, 67, 'http://127.0.0.1:3000/public/goods/jmsj.jpg', NULL, '    <div id=\"detail-tag-id-2\" class=\"book-detail-item\"\r\n        style=\"margin: 0px 20px; padding: 20px 0px 0px; overflow: hidden; color: #666666; font-family: tahoma, arial, \'Microsoft YaHei\', \'Hiragino Sans GB\', u5b8bu4f53, sans-serif; font-size: 12px; background-color: #ffffff;\">\r\n        <div class=\"item-mc\" style=\"margin: 0px; padding: 18px 10px 0px;\">\r\n            <div class=\"book-detail-content\" style=\"margin: 0px; padding: 0px; line-height: 24px; font-size: 14px;\">\r\n\r\n                <p style=\"margin: 0px; padding: 0px;\">\r\n                    加缪<br>\r\n                    法国文学大师，其文学创作和哲学思考具有持久的影响力。他在小说、戏剧、随笔和论著中深刻地揭示出人在异于自身的世界中的孤独、个体的异化，以及罪恶和死亡的不可避免，但他在揭示出世界的荒诞的同时却并不因此而绝望和颓丧，而是主张要在荒诞中奋起反抗，在绝望中坚持真理和正义。他的无畏精神使他在第二次世界大战之后获得了世界性的声誉，成为他那一代人的代言人和下一代人的精神导师。\r\n\r\n                    \r\n                </p>\r\n            </div>\r\n        </div>\r\n    </div>\r\n    <div id=\"detail-tag-id-3\" class=\"book-detail-item\"\r\n        style=\"margin: 0px 20px; padding: 20px 0px 0px; overflow: hidden; color: #666666; font-family: tahoma, arial, \'Microsoft YaHei\', \'Hiragino Sans GB\', u5b8bu4f53, sans-serif; font-size: 12px; background-color: #ffffff;\">\r\n        <div class=\"item-mt\" style=\"margin: 0px; padding: 0px; height: 25px; border-bottom: 3px solid #e4393c;\">\r\n            <h3\r\n                style=\"margin: 0px; padding: 0px 0px 0px 20px; font-size: 14px; line-height: 28px; width: 99px; height: 25px; overflow: hidden; color: #ffffff; background: url(\'//static.360buyimg.com/item/unite/1.0.103/components/book/css/i/item.sprite.png\') 0px -13px no-repeat;\">\r\n                内容简介</h3>\r\n        </div>\r\n        <div class=\"item-mc\" style=\"margin: 0px; padding: 18px 10px 0px;\">\r\n            <div class=\"book-detail-content\" style=\"margin: 0px; padding: 0px; line-height: 24px; font-size: 14px;\">\r\n                <p style=\"margin: 0px; padding: 0px;\">\r\n                    这套加缪手记共三卷，加缪在其中记录了他的读书杂感、生活随想、情感波动、写作构思。第一卷包含加缪1935年5月到1942年2月之间的手记，是了解加缪其人及其思想不可或缺的重要记录，更是理解其创作的关键。第二卷是作者自1942年1月至1951年3月的手记，在这卷中，读者可以看到加缪如何面对《局外人》所遭逢的社会议论，《反抗者》出版后引起的激烈笔战，同时他也完成了《西西弗斯神话》《鼠疫》等重要作品，堪称加缪人生的精华时期。手记前两卷在作者去世后不久即出版。但当年还有未曝光的笔记，这正是第三卷的内容。加缪在最后这几本笔记中，与之前相比写了更多他私人生活中的重要事件：希腊旅行、阿尔及利亚战争之惨烈、获得诺贝尔文学奖。这些笔记刚开始只是加缪的写作工具，到后来却更像是他的日记。\r\n\r\n\r\n\r\n                    <br /><img style=\"display: block; margin-left: auto; margin-right: auto;\"\r\n                        src=\"http://127.0.0.1:3000/public/goods/jmsj.jpg\" alt=\"yjs2.png\" width=\"400\" height=\"400\" />\r\n                </p>\r\n            </div>\r\n        </div>\r\n    </div>', 88, NULL, 0, '2022-03-27 13:24:08', '2022-03-27 13:24:08');
INSERT INTO `goods` VALUES (36, NULL, 4, '受戒', NULL, 77, 88, 'http://127.0.0.1:3002/public/goods/sj.jpg', NULL, '    <div id=\"detail-tag-id-2\" class=\"book-detail-item\"\r\n        style=\"margin: 0px 20px; padding: 20px 0px 0px; overflow: hidden; color: #666666; font-family: tahoma, arial, \'Microsoft YaHei\', \'Hiragino Sans GB\', u5b8bu4f53, sans-serif; font-size: 12px; background-color: #ffffff;\">\r\n        <div class=\"item-mc\" style=\"margin: 0px; padding: 18px 10px 0px;\">\r\n            <div class=\"book-detail-content\" style=\"margin: 0px; padding: 0px; line-height: 24px; font-size: 14px;\">\r\n\r\n                <p style=\"margin: 0px; padding: 0px;\">\r\n                    汪曾祺（1920—1997）<br>\r\n                    沈从文先生的高徒，现当代著名小说家、散文家，京派小说的传人，被称为“中国最后一个纯粹的文人，中国最后一个士大夫”。\r\n\r\n他在短篇小说创作上颇有成就，对戏剧与民间文艺也有深入钻研。其散文《端午的鸭蛋》和《胡同文化》皆入选中学语文课本。\r\n\r\n\r\n                </p>\r\n            </div>\r\n        </div>\r\n    </div>\r\n    <div id=\"detail-tag-id-3\" class=\"book-detail-item\"\r\n        style=\"margin: 0px 20px; padding: 20px 0px 0px; overflow: hidden; color: #666666; font-family: tahoma, arial, \'Microsoft YaHei\', \'Hiragino Sans GB\', u5b8bu4f53, sans-serif; font-size: 12px; background-color: #ffffff;\">\r\n        <div class=\"item-mt\" style=\"margin: 0px; padding: 0px; height: 25px; border-bottom: 3px solid #e4393c;\">\r\n            <h3\r\n                style=\"margin: 0px; padding: 0px 0px 0px 20px; font-size: 14px; line-height: 28px; width: 99px; height: 25px; overflow: hidden; color: #ffffff; background: url(\'//static.360buyimg.com/item/unite/1.0.103/components/book/css/i/item.sprite.png\') 0px -13px no-repeat;\">\r\n                内容简介</h3>\r\n        </div>\r\n        <div class=\"item-mc\" style=\"margin: 0px; padding: 18px 10px 0px;\">\r\n            <div class=\"book-detail-content\" style=\"margin: 0px; padding: 0px; line-height: 24px; font-size: 14px;\">\r\n                <p style=\"margin: 0px; padding: 0px;\">\r\n                    本书所收录文章，皆是对汪曾祺中短篇小说多次遴选后得出的精品。其中包括《受戒》《大淖记事》《邂逅》《王四海的黄昏》《故里三陈》等名篇。\r\n\r\n                    汪曾祺的小说充溢着“中国味儿”，充溢着对传统文化的挚爱，在创作上追求回到现实主义，回到民族传统中去。他的小说让读者重新发现了民族心灵、性灵以及传统美德。\r\n\r\n\r\n                    <br /><img style=\"display: block; margin-left: auto; margin-right: auto;\"\r\n                        src=\"http://127.0.0.1:3000/public/goods/sj.jpg\" alt=\"yjs2.png\" width=\"400\" height=\"400\" />\r\n                </p>\r\n            </div>\r\n        </div>\r\n    </div>', 99, NULL, 0, '2022-05-01 14:56:20', '2022-05-01 14:56:20');
INSERT INTO `goods` VALUES (37, NULL, 7, '布达佩斯大饭店', NULL, 99, 44, 'http://127.0.0.1:3000/public/goods/bdpsdfd.jpg', NULL, '    <div id=\"detail-tag-id-2\" class=\"book-detail-item\"\r\n        style=\"margin: 0px 20px; padding: 20px 0px 0px; overflow: hidden; color: #666666; font-family: tahoma, arial, \'Microsoft YaHei\', \'Hiragino Sans GB\', u5b8bu4f53, sans-serif; font-size: 12px; background-color: #ffffff;\">\r\n        <div class=\"item-mc\" style=\"margin: 0px; padding: 18px 10px 0px;\">\r\n            <div class=\"book-detail-content\" style=\"margin: 0px; padding: 0px; line-height: 24px; font-size: 14px;\">\r\n\r\n                <p style=\"margin: 0px; padding: 0px;\">\r\n                    马特·佐勒·塞茨<br>\r\n                    是Roger Ebert影评网的主编，《纽约》杂志的电视节目评论家，以及荣登《纽约时报》畅销书榜的The Wes Anderson Collection的作者。他也是The House Next Door博客的创始人和原编辑，Press Play视频博客的联合创始人以及艾伯拉姆斯出版社2015年秋季出版的The Oliver Stone Experience一书的作者。\r\n                    \r\n\r\n                </p>\r\n            </div>\r\n        </div>\r\n    </div>\r\n    <div id=\"detail-tag-id-3\" class=\"book-detail-item\"\r\n        style=\"margin: 0px 20px; padding: 20px 0px 0px; overflow: hidden; color: #666666; font-family: tahoma, arial, \'Microsoft YaHei\', \'Hiragino Sans GB\', u5b8bu4f53, sans-serif; font-size: 12px; background-color: #ffffff;\">\r\n        <div class=\"item-mt\" style=\"margin: 0px; padding: 0px; height: 25px; border-bottom: 3px solid #e4393c;\">\r\n            <h3\r\n                style=\"margin: 0px; padding: 0px 0px 0px 20px; font-size: 14px; line-height: 28px; width: 99px; height: 25px; overflow: hidden; color: #ffffff; background: url(\'//static.360buyimg.com/item/unite/1.0.103/components/book/css/i/item.sprite.png\') 0px -13px no-repeat;\">\r\n                内容简介</h3>\r\n        </div>\r\n        <div class=\"item-mc\" style=\"margin: 0px; padding: 18px 10px 0px;\">\r\n            <div class=\"book-detail-content\" style=\"margin: 0px; padding: 0px; line-height: 24px; font-size: 14px;\">\r\n                <p style=\"margin: 0px; padding: 0px;\">\r\n                    豆瓣百万人评出8.9高分神作\r\n\r\n                    斩获奥斯卡4项大奖，超人气作品诞生始末\r\n                    \r\n                    官方良心出品、唯一幕后全纪录\r\n                    \r\n                    致敬茨威格，透过粉色滤镜，窥见人类文明命运的缩影\r\n                    \r\n                    居中狂魔韦斯·安德森亲自授权、把关全书设计\r\n                    \r\n                    收藏级画册，中文世界梦幻首发\r\n                    \r\n                    荣登亚马逊艺术类畅销书TOP1\r\n                    \r\n                    《纽约时报》《卫报》《纽约客》等国际重磅媒体盛赞其策划高级\r\n                    \r\n                    英、法、德、日、韩多国语言版本持续畅销\r\n                    \r\n                    令人愉悦的视觉享受，强迫症福音\r\n                    \r\n                    给观众以放大镜方式重新体验的机会，细节控必逐页翻阅一探究竟\r\n                    \r\n                    特8大开本，逾600张独家美图\r\n                    \r\n                    品质精修，高度还原细腻色彩，重现暖心时刻\r\n\r\n                    <br /><img style=\"display: block; margin-left: auto; margin-right: auto;\"\r\n                        src=\"http://127.0.0.1:3000/public/goods/bdpsdfd.jpg\" alt=\"yjs2.png\" width=\"400\" height=\"400\" />\r\n                </p>\r\n            </div>\r\n        </div>\r\n    </div>', 88, NULL, 0, '2022-03-27 16:27:15', '2022-03-27 16:27:15');
INSERT INTO `goods` VALUES (38, NULL, 7, '认识电影', NULL, 88, 99, 'http://127.0.0.1:3000/public/goods/rsdy.jpg', NULL, '    <div id=\"detail-tag-id-2\" class=\"book-detail-item\"\r\n        style=\"margin: 0px 20px; padding: 20px 0px 0px; overflow: hidden; color: #666666; font-family: tahoma, arial, \'Microsoft YaHei\', \'Hiragino Sans GB\', u5b8bu4f53, sans-serif; font-size: 12px; background-color: #ffffff;\">\r\n        <div class=\"item-mc\" style=\"margin: 0px; padding: 18px 10px 0px;\">\r\n            <div class=\"book-detail-content\" style=\"margin: 0px; padding: 0px; line-height: 24px; font-size: 14px;\">\r\n\r\n                <p style=\"margin: 0px; padding: 0px;\">\r\n                    路易斯·贾内梯（Louis Giannetti)<br>\r\n                    电影人、影评人、电影理论家，美国克利夫兰凯斯西储大学荣誉教授，并于艾奥瓦大学和埃默里大学任教，教授电影、文学、戏剧、写作等人文课程。出版过多部雅俗共赏的作品，内容涵盖政论、文学和戏剧，代表作有《认识电影》《美国电影大师》《闪回：电影简史》《戈达尔及其他：电影形式论文集》等。\r\n\r\n\r\n                </p>\r\n            </div>\r\n        </div>\r\n    </div>\r\n    <div id=\"detail-tag-id-3\" class=\"book-detail-item\"\r\n        style=\"margin: 0px 20px; padding: 20px 0px 0px; overflow: hidden; color: #666666; font-family: tahoma, arial, \'Microsoft YaHei\', \'Hiragino Sans GB\', u5b8bu4f53, sans-serif; font-size: 12px; background-color: #ffffff;\">\r\n        <div class=\"item-mt\" style=\"margin: 0px; padding: 0px; height: 25px; border-bottom: 3px solid #e4393c;\">\r\n            <h3\r\n                style=\"margin: 0px; padding: 0px 0px 0px 20px; font-size: 14px; line-height: 28px; width: 99px; height: 25px; overflow: hidden; color: #ffffff; background: url(\'//static.360buyimg.com/item/unite/1.0.103/components/book/css/i/item.sprite.png\') 0px -13px no-repeat;\">\r\n                内容简介</h3>\r\n        </div>\r\n        <div class=\"item-mc\" style=\"margin: 0px; padding: 18px 10px 0px;\">\r\n            <div class=\"book-detail-content\" style=\"margin: 0px; padding: 0px; line-height: 24px; font-size: 14px;\">\r\n                <p style=\"margin: 0px; padding: 0px;\">\r\n                   本书为长销40年的经典电影入门书《认识电影》第14次修订版。自问世以来，《认识电影》已被翻译为十几种语言，并被北京电影学院、北京大学、哈佛大学、MIT、纽约大学等知名院校指定为影视课程教材，深受全球读者和电影行业专业人士认可，被公认为了解电影艺术的入门佳作。\r\n\r\n《认识电影》从电影理论的典型视角出发，辅以大量电影片例，简明扼要地评论了电影艺术的方方面面。全书围绕电影制作核心要素组织结构，共分十二章，收录超500幅精美电影剧照和图片，章后附有延伸阅读，书末缀有重要词汇表和影片图例。作者以鞭辟入里的分析、新颖独到的见解和纷繁多样的视觉冲击，呈现给读者一个丰富多姿的电影世界。\r\n\r\n全新修订的第14版修订增补了近100页内容：1.增添了对CGI、动作捕捉等当下电影前沿制作技术的阐述分析；2.更多对经典电影和好莱坞黄金时代电影的探讨，如《春闺风月》《费城故事》；3.更多对当代电影明星（詹妮弗·劳伦斯、汤姆·克鲁斯等）的讨论；4.更多对类型电影和商业大片的讨论，如《银河护卫队》《侏罗纪世界》等；5.增补替换了近百部2000年后的新电影案例，如《星际穿越》《少年派的奇幻漂流》等。\r\n\r\n从这本书开始，叩开电影世界的大门。\r\n\r\n                    <br /><img style=\"display: block; margin-left: auto; margin-right: auto;\"\r\n                        src=\"http://127.0.0.1:3000/public/goods/rsdy.jpg\" alt=\"yjs2.png\" width=\"400\" height=\"400\" />\r\n                </p>\r\n            </div>\r\n        </div>\r\n    </div>', 66, NULL, 0, '2022-03-27 16:27:20', '2022-03-27 16:27:20');
INSERT INTO `goods` VALUES (39, NULL, 7, '电影导论', NULL, 88, 44, 'http://127.0.0.1:3000/public/goods/dydl.jpg', NULL, '    <div id=\"detail-tag-id-2\" class=\"book-detail-item\"\r\n        style=\"margin: 0px 20px; padding: 20px 0px 0px; overflow: hidden; color: #666666; font-family: tahoma, arial, \'Microsoft YaHei\', \'Hiragino Sans GB\', u5b8bu4f53, sans-serif; font-size: 12px; background-color: #ffffff;\">\r\n        <div class=\"item-mc\" style=\"margin: 0px; padding: 18px 10px 0px;\">\r\n            <div class=\"book-detail-content\" style=\"margin: 0px; padding: 0px; line-height: 24px; font-size: 14px;\">\r\n\r\n                <p style=\"margin: 0px; padding: 0px;\">\r\n                    陈涛<br>\r\n                    新加坡南洋理工大学哲学博士，现任中国人民大学文学院影视与新媒体艺术教研室讲师、硕士生导师。主要研究方向为中国当代城市电影和新媒体艺术，著有《底层再现：中国当代电影中的城市游民》（2015），译有《高行健与跨文化剧场》（2015，合译）、《银色金属恋人》（2013）、《一只鸟的选择》（2012）、《再见，西方文化》（2008，合译）等，并在《文艺研究》《当代电影》《当代文坛》《韩中言语文化研究》《南大语言文化学报》《文化研究月报》等国内外期刊发表论文数十篇。\r\n\r\n\r\n                </p>\r\n            </div>\r\n        </div>\r\n    </div>\r\n    <div id=\"detail-tag-id-3\" class=\"book-detail-item\"\r\n        style=\"margin: 0px 20px; padding: 20px 0px 0px; overflow: hidden; color: #666666; font-family: tahoma, arial, \'Microsoft YaHei\', \'Hiragino Sans GB\', u5b8bu4f53, sans-serif; font-size: 12px; background-color: #ffffff;\">\r\n        <div class=\"item-mt\" style=\"margin: 0px; padding: 0px; height: 25px; border-bottom: 3px solid #e4393c;\">\r\n            <h3\r\n                style=\"margin: 0px; padding: 0px 0px 0px 20px; font-size: 14px; line-height: 28px; width: 99px; height: 25px; overflow: hidden; color: #ffffff; background: url(\'//static.360buyimg.com/item/unite/1.0.103/components/book/css/i/item.sprite.png\') 0px -13px no-repeat;\">\r\n                内容简介</h3>\r\n        </div>\r\n        <div class=\"item-mc\" style=\"margin: 0px; padding: 18px 10px 0px;\">\r\n            <div class=\"book-detail-content\" style=\"margin: 0px; padding: 0px; line-height: 24px; font-size: 14px;\">\r\n                <p style=\"margin: 0px; padding: 0px;\">\r\n                   本书作为电影学入门教程，既可作为高校影视艺术专业的基础教材，也可作为其他专业选修类课本。本书不仅具有一定的学术价值，还兼具一定的流行读物性质。在结构上，本书主要内容分成三大部分共十五章，每一章都以电影的一个基本概念为核心，尽量简明扼要、深入浅出地介绍相关电影理论，并精选重要的中外影片内容穿插其中。每一章都包含四个小节，由浅入深、由简到繁、由远及近地对与这一概念相关的内容进行介绍；其中第一节都先引入某一部（或几部）电影的案例分析，由此带出本章核心概念的阐释与分析。每一章中所包含的理论不止于传统意义的“电影学”，还包括一些文学、心理学、传播学、社会学、文化研究等学科的相关理论。十五章对应的十五个电影鉴赏的关键词，连缀起来构成了鉴赏电影的初步知识和基础观念。\r\n\r\n本书避免机械化的条目罗列式八股风格，采用一种较为文学化和自然化的方式叙述和阐释，围绕核心概念将知识、理论和故事娓娓道来，令阅读更为流畅和随意。每一章都配以大量的图片，令阅读更为轻松惬意的同时，也便于生动、多媒和综合地教学。每一章提供一些电影视频段落，这些段落都同文字所述内容相契合，读者可以通过扫描文中的二维码获取并欣赏。衷心盼望本书能够引领读者进入电影五彩斑斓的世界，饱览胜景，任意翱翔。\r\n\r\n\r\n                    <br /><img style=\"display: block; margin-left: auto; margin-right: auto;\"\r\n                        src=\"http://127.0.0.1:3000/public/goods/dydl.jpg\" alt=\"yjs2.png\" width=\"400\" height=\"400\" />\r\n                </p>\r\n            </div>\r\n        </div>\r\n    </div>', 66, NULL, 0, '2022-03-27 16:27:24', '2022-03-27 16:27:24');
INSERT INTO `goods` VALUES (40, NULL, 7, '世界电影史（影印第2版）', NULL, 154, 66, 'http://127.0.0.1:3000/public/goods/sjdys.jpg', NULL, '    <div id=\"detail-tag-id-2\" class=\"book-detail-item\"\r\n        style=\"margin: 0px 20px; padding: 20px 0px 0px; overflow: hidden; color: #666666; font-family: tahoma, arial, \'Microsoft YaHei\', \'Hiragino Sans GB\', u5b8bu4f53, sans-serif; font-size: 12px; background-color: #ffffff;\">\r\n        <div class=\"item-mc\" style=\"margin: 0px; padding: 18px 10px 0px;\">\r\n            <div class=\"book-detail-content\" style=\"margin: 0px; padding: 0px; line-height: 24px; font-size: 14px;\">\r\n\r\n                <p style=\"margin: 0px; padding: 0px;\">\r\n                    大卫•波德维尔（David Bordwell, 1947~ ）<br>\r\n                    当代美国重要的电影理论家，美国威斯康辛—麦迪逊大学传播艺术系荣誉教授，法国电影资料馆（Cinemathèque Française）顾问，国际电影学界最多产、最伟大的教科书编纂者。波德维尔是“认知电影理论”的创始人，并以其对小津安二郎、爱森斯坦等人的“作者”研究、电影叙事学、香港电影研究、电影风格史的研究而广受尊敬；克里斯汀则是新形式主义电影分析理论的领军人物，她的Breaking the Glass Armor（1988）是公认的新形式主义经典著作。\r\n\r\n波德维尔夫妇著有多部享誉世界的电影学理论专著，如《电影风格的历史》、《电影艺术：形式与风格》、《香港电影的秘密》，以及这部经典电影史教程《世界电影史》。\r\n\r\n                </p>\r\n            </div>\r\n        </div>\r\n    </div>\r\n    <div id=\"detail-tag-id-3\" class=\"book-detail-item\"\r\n        style=\"margin: 0px 20px; padding: 20px 0px 0px; overflow: hidden; color: #666666; font-family: tahoma, arial, \'Microsoft YaHei\', \'Hiragino Sans GB\', u5b8bu4f53, sans-serif; font-size: 12px; background-color: #ffffff;\">\r\n        <div class=\"item-mt\" style=\"margin: 0px; padding: 0px; height: 25px; border-bottom: 3px solid #e4393c;\">\r\n            <h3\r\n                style=\"margin: 0px; padding: 0px 0px 0px 20px; font-size: 14px; line-height: 28px; width: 99px; height: 25px; overflow: hidden; color: #ffffff; background: url(\'//static.360buyimg.com/item/unite/1.0.103/components/book/css/i/item.sprite.png\') 0px -13px no-repeat;\">\r\n                内容简介</h3>\r\n        </div>\r\n        <div class=\"item-mc\" style=\"margin: 0px; padding: 18px 10px 0px;\">\r\n            <div class=\"book-detail-content\" style=\"margin: 0px; padding: 0px; line-height: 24px; font-size: 14px;\">\r\n                <p style=\"margin: 0px; padding: 0px;\">\r\n                    《电影艺术：形式与风格》作者另一代表性力作\r\n\r\n                    最贴近当代读者的电影史教材，经典原文重现\r\n                    \r\n\r\n                    <br /><img style=\"display: block; margin-left: auto; margin-right: auto;\"\r\n                        src=\"http://127.0.0.1:3000/public/goods/sjdys.jpg\" alt=\"yjs2.png\" width=\"400\" height=\"400\" />\r\n                </p>\r\n            </div>\r\n        </div>\r\n    </div>', 66, NULL, 0, '2022-03-27 16:27:29', '2022-03-27 16:27:29');
INSERT INTO `goods` VALUES (41, NULL, 9, '三国志集解（全八册）', NULL, 440, 99, 'http://127.0.0.1:3000/public/goods/sgz.jpg', NULL, '    <div id=\"detail-tag-id-2\" class=\"book-detail-item\"\r\n        style=\"margin: 0px 20px; padding: 20px 0px 0px; overflow: hidden; color: #666666; font-family: tahoma, arial, \'Microsoft YaHei\', \'Hiragino Sans GB\', u5b8bu4f53, sans-serif; font-size: 12px; background-color: #ffffff;\">\r\n        <div class=\"item-mc\" style=\"margin: 0px; padding: 18px 10px 0px;\">\r\n            <div class=\"book-detail-content\" style=\"margin: 0px; padding: 0px; line-height: 24px; font-size: 14px;\">\r\n\r\n                <p style=\"margin: 0px; padding: 0px;\">\r\n                    陈寿（233年－297年）<br>\r\n                    字承祚。巴西郡安汉县（今四川南充）人。三国时蜀汉及西晋时著名史学家。陈寿少时好学，师事同郡学者谯周，在蜀汉时曾任卫将军主簿、东观秘书郎、观阁令史、散骑黄门侍郎等职。当时，宦官黄皓专权，大臣都曲意附从。陈寿因为不肯屈从黄皓，所以屡遭遣黜。蜀降晋后，历任著作郎、长广太守、治书待御史、太子中庶子等职。晚年多次被贬，屡次受人非议。元康七年（297年）病逝，享年六十五岁。太康元年（280年），晋灭吴结束了分裂局面后，陈寿历经10年艰辛完成了纪传体史学巨著《三国志》，全书共65卷，36.7万字，完整地记叙了自汉末至晋初近百年间中国由分裂走向统一的历史全貌，与《史记》、《汉书》、《后汉书》并称“前四史”。\r\n\r\n集解者卢弼，字慎之。湖北沔阳（今仙桃）人。清末附贡生。1905年留学日本。毕业于早稻田大学政治经济科。1908年回国。曾任黑龙江抚署秘书官、交涉局会办、调查局总办、统计局专办、会勘中俄边界大臣会议委员。1912年后任北京政府铨叙局、国务院秘书，蒙藏事务局顾问，国务院秘书长，文官惩戒委员会委员，平政院院长。晚年寓居天津，潜心著述。专攻《三国志》，编著有《三国志集解》、《三国志注引书目》、《三国职官录》、《慎园诗选》等。\r\n\r\n标点整理者钱剑夫，湖南常德人。原名鼎元，又名健夫。湖南国学研究院毕业。抗战时期任职重庆国民政府行政院。1945年后任上海市财政局副局长、代局长，上海市银行代总经理。中华人民共和国成立后，历任华东财政部税政处税务专员，华东区税务管理局计划室副主任，中学教师。1978年后，任上海社会科学院经济所特约研究员，上海交通大学兼职教授兼中国语文教研室主任，《汉语大词典》编委、分卷副主编，上海市文史研究馆馆员。长期从事秦汉经济史和语言文字的研究。\r\n\r\n                </p>\r\n            </div>\r\n        </div>\r\n    </div>\r\n    <div id=\"detail-tag-id-3\" class=\"book-detail-item\"\r\n        style=\"margin: 0px 20px; padding: 20px 0px 0px; overflow: hidden; color: #666666; font-family: tahoma, arial, \'Microsoft YaHei\', \'Hiragino Sans GB\', u5b8bu4f53, sans-serif; font-size: 12px; background-color: #ffffff;\">\r\n        <div class=\"item-mt\" style=\"margin: 0px; padding: 0px; height: 25px; border-bottom: 3px solid #e4393c;\">\r\n            <h3\r\n                style=\"margin: 0px; padding: 0px 0px 0px 20px; font-size: 14px; line-height: 28px; width: 99px; height: 25px; overflow: hidden; color: #ffffff; background: url(\'//static.360buyimg.com/item/unite/1.0.103/components/book/css/i/item.sprite.png\') 0px -13px no-repeat;\">\r\n                内容简介</h3>\r\n        </div>\r\n        <div class=\"item-mc\" style=\"margin: 0px; padding: 18px 10px 0px;\">\r\n            <div class=\"book-detail-content\" style=\"margin: 0px; padding: 0px; line-height: 24px; font-size: 14px;\">\r\n                <p style=\"margin: 0px; padding: 0px;\">\r\n                    《三国志》为前四史之一，在二十四史中有重要地位。陈寿所作《三国志》过于简略，经裴松之作注，内容充实了很多。但裴注主要充实了史实，典章名物方面尚多所缺失。近人卢弼先生博采众书，精加校释，误者正之，缺者补之，核正地理，诠释名物，大大有益于本书的研究者。其中除排印错误径加改正外，所引旧说，均不增改。作者评议，亦加注明。又经著名学者钱剑夫先生作了标点整理，读者更为方便。\r\n\r\n                    <br /><img style=\"display: block; margin-left: auto; margin-right: auto;\"\r\n                        src=\"http://127.0.0.1:3000/public/goods/sgz.jpg\" alt=\"yjs2.png\" width=\"400\" height=\"400\" />\r\n                </p>\r\n            </div>\r\n        </div>\r\n    </div>', 95, NULL, 0, '2022-03-27 16:28:00', '2022-03-27 16:28:00');
INSERT INTO `goods` VALUES (42, NULL, 9, '春秋左传注(修订本)', NULL, 130, 66, 'http://127.0.0.1:3000/public/goods/cqzzz.jpg', NULL, '    <div id=\"detail-tag-id-2\" class=\"book-detail-item\"\r\n        style=\"margin: 0px 20px; padding: 20px 0px 0px; overflow: hidden; color: #666666; font-family: tahoma, arial, \'Microsoft YaHei\', \'Hiragino Sans GB\', u5b8bu4f53, sans-serif; font-size: 12px; background-color: #ffffff;\">\r\n        <div class=\"item-mc\" style=\"margin: 0px; padding: 18px 10px 0px;\">\r\n            <div class=\"book-detail-content\" style=\"margin: 0px; padding: 0px; line-height: 24px; font-size: 14px;\">\r\n\r\n                <p style=\"margin: 0px; padding: 0px;\">\r\n                    杨伯峻（一九〇九—一九九二）<br>\r\n                    原名杨德崇，湖南长沙人。语言学家，现代著名学者，曾先后任教于北京大学、兰州大学，生前为中华书局编审，参加过点校本“二十四史”的工作。杨先生博通小学经史，所著《论语译注》、《孟子译注》、《列子集释锣》《春秋左传注》、《文言文法》、《文言虚词》、《古汉语虚词》，以及所编《春秋左传词典》等，得到学术界与广大读者的高度评价，享誉中外。\r\n\r\n                </p>\r\n            </div>\r\n        </div>\r\n    </div>\r\n    <div id=\"detail-tag-id-3\" class=\"book-detail-item\"\r\n        style=\"margin: 0px 20px; padding: 20px 0px 0px; overflow: hidden; color: #666666; font-family: tahoma, arial, \'Microsoft YaHei\', \'Hiragino Sans GB\', u5b8bu4f53, sans-serif; font-size: 12px; background-color: #ffffff;\">\r\n        <div class=\"item-mt\" style=\"margin: 0px; padding: 0px; height: 25px; border-bottom: 3px solid #e4393c;\">\r\n            <h3\r\n                style=\"margin: 0px; padding: 0px 0px 0px 20px; font-size: 14px; line-height: 28px; width: 99px; height: 25px; overflow: hidden; color: #ffffff; background: url(\'//static.360buyimg.com/item/unite/1.0.103/components/book/css/i/item.sprite.png\') 0px -13px no-repeat;\">\r\n                内容简介</h3>\r\n        </div>\r\n        <div class=\"item-mc\" style=\"margin: 0px; padding: 18px 10px 0px;\">\r\n            <div class=\"book-detail-content\" style=\"margin: 0px; padding: 0px; line-height: 24px; font-size: 14px;\">\r\n                <p style=\"margin: 0px; padding: 0px;\">\r\n                    《春秋左传》是我国现存极早的编年体史书，记事翔实，文辞优美，是学习、研究先秦历史、文学、哲学和语言的必读典籍。作者广泛收集有关文献考古资料，充分汲取古今学者研究成果，对全书作了深入浅出、博洽简明的注释。本书修订本，对初版本作了全面细微的校订、修改，补充了新材料。\r\n\r\n\r\n                    <br /><img style=\"display: block; margin-left: auto; margin-right: auto;\"\r\n                        src=\"http://127.0.0.1:3000/public/goods/cqzzz.jpg\" alt=\"yjs2.png\" width=\"400\" height=\"400\" />\r\n                </p>\r\n            </div>\r\n        </div>\r\n    </div>', 100, NULL, 0, '2022-03-27 16:30:38', '2022-03-27 16:30:38');
INSERT INTO `goods` VALUES (43, NULL, 9, '资治通鉴', NULL, 46, 95, 'http://127.0.0.1:3000/public/goods/zztj.jpg', NULL, '    <div id=\"detail-tag-id-2\" class=\"book-detail-item\"\r\n        style=\"margin: 0px 20px; padding: 20px 0px 0px; overflow: hidden; color: #666666; font-family: tahoma, arial, \'Microsoft YaHei\', \'Hiragino Sans GB\', u5b8bu4f53, sans-serif; font-size: 12px; background-color: #ffffff;\">\r\n        <div class=\"item-mc\" style=\"margin: 0px; padding: 18px 10px 0px;\">\r\n            <div class=\"book-detail-content\" style=\"margin: 0px; padding: 0px; line-height: 24px; font-size: 14px;\">\r\n\r\n                <p style=\"margin: 0px; padding: 0px;\">\r\n                    司马光（1019年11月17日－1086年）<br>\r\n                    字君实，号迂叟，汉族，陕州夏县（今山西夏县）涑水乡人，世称涑水先生，北宋政治家、史学家、文学家。历仕仁宗、英宗、神宗、哲宗四朝，卒赠太师、温国公，谥文正，为人温良谦恭、刚正不阿；做事用功刻苦、勤奋。以“日力不足，继之以夜”自诩，其人格堪称儒学教化下的典范，历来受人景仰。\r\n\r\n宋仁宗时中进士，英宗时进龙图阁直学士。宋神宗时，反对王安石施行变法，朝廷内外有许多人反对，司马光就是其中之一。王安石变法以后，司马光离开朝廷十五年，主持编纂了中国历史上第一部编年体通史《资治通鉴》。生平著作甚多，主要有史学巨著《资治通鉴》、《温国文正司马公文集》、《稽古录》、《涑水记闻》、《潜虚》等。\r\n\r\n                </p>\r\n            </div>\r\n        </div>\r\n    </div>\r\n    <div id=\"detail-tag-id-3\" class=\"book-detail-item\"\r\n        style=\"margin: 0px 20px; padding: 20px 0px 0px; overflow: hidden; color: #666666; font-family: tahoma, arial, \'Microsoft YaHei\', \'Hiragino Sans GB\', u5b8bu4f53, sans-serif; font-size: 12px; background-color: #ffffff;\">\r\n        <div class=\"item-mt\" style=\"margin: 0px; padding: 0px; height: 25px; border-bottom: 3px solid #e4393c;\">\r\n            <h3\r\n                style=\"margin: 0px; padding: 0px 0px 0px 20px; font-size: 14px; line-height: 28px; width: 99px; height: 25px; overflow: hidden; color: #ffffff; background: url(\'//static.360buyimg.com/item/unite/1.0.103/components/book/css/i/item.sprite.png\') 0px -13px no-repeat;\">\r\n                内容简介</h3>\r\n        </div>\r\n        <div class=\"item-mc\" style=\"margin: 0px; padding: 18px 10px 0px;\">\r\n            <div class=\"book-detail-content\" style=\"margin: 0px; padding: 0px; line-height: 24px; font-size: 14px;\">\r\n                <p style=\"margin: 0px; padding: 0px;\">\r\n                    《资治通鉴（繁体竖排版）（套装全20册）》是中国古代著名的编年体史书，记载了战国至五代期间1300多年的历史，向为史学界所推崇，在收集史料、考订事实、编排年月及文字剪裁润色等方面都代表了古代编年体史书的最高成就，使古代历史研究的基本典籍。点校本以清朝胡克家翻刻的元刊胡三省注本为底本，是史学界通行的整理定本。\r\n                    \r\n\r\n                    <br /><img style=\"display: block; margin-left: auto; margin-right: auto;\"\r\n                        src=\"http://127.0.0.1:3000/public/goods/zztj.jpg\" alt=\"yjs2.png\" width=\"400\" height=\"400\" />\r\n                </p>\r\n            </div>\r\n        </div>\r\n    </div>', 130, NULL, 0, NULL, NULL);
INSERT INTO `goods` VALUES (45, NULL, 9, '下沉年代', NULL, 200, 95, 'http://127.0.0.1:3000/public/goods/xcnd.jpg', NULL, '    <div id=\"detail-tag-id-2\" class=\"book-detail-item\"\r\n        style=\"margin: 0px 20px; padding: 20px 0px 0px; overflow: hidden; color: #666666; font-family: tahoma, arial, \'Microsoft YaHei\', \'Hiragino Sans GB\', u5b8bu4f53, sans-serif; font-size: 12px; background-color: #ffffff;\">\r\n        <div class=\"item-mc\" style=\"margin: 0px; padding: 18px 10px 0px;\">\r\n            <div class=\"book-detail-content\" style=\"margin: 0px; padding: 0px; line-height: 24px; font-size: 14px;\">\r\n\r\n                <p style=\"margin: 0px; padding: 0px;\">\r\n                    乔治·帕克<br>\r\n                    1960年生，毕业于耶鲁大学。自2003年起连续十五年担任《纽约客》专职作者，两获海外记者俱乐部奖。现为《大西洋月刊》专职作者。\r\n\r\n作为长期观察员和一线写作者，乔治·帕克深谙美国的历史变迁、经济发展和社会结构，深入从华盛顿到绣带工厂的生命世界 ，被视为最了解当代美国的作家之一。其作品《刺客之门》《我们的人》先后入围普利策奖，《下沉年代》于2013年因“撕开美国的破碎裂痕”获美国国家图书奖。\r\n\r\n2019年，乔治·帕克获希钦斯奖，该奖旨在表彰“为自由表达和追求真理而不顾个人或职业后果”的作家。\r\n                </p>\r\n            </div>\r\n        </div>\r\n    </div>\r\n    <div id=\"detail-tag-id-3\" class=\"book-detail-item\"\r\n        style=\"margin: 0px 20px; padding: 20px 0px 0px; overflow: hidden; color: #666666; font-family: tahoma, arial, \'Microsoft YaHei\', \'Hiragino Sans GB\', u5b8bu4f53, sans-serif; font-size: 12px; background-color: #ffffff;\">\r\n        <div class=\"item-mt\" style=\"margin: 0px; padding: 0px; height: 25px; border-bottom: 3px solid #e4393c;\">\r\n            <h3\r\n                style=\"margin: 0px; padding: 0px 0px 0px 20px; font-size: 14px; line-height: 28px; width: 99px; height: 25px; overflow: hidden; color: #ffffff; background: url(\'//static.360buyimg.com/item/unite/1.0.103/components/book/css/i/item.sprite.png\') 0px -13px no-repeat;\">\r\n                内容简介</h3>\r\n        </div>\r\n        <div class=\"item-mc\" style=\"margin: 0px; padding: 18px 10px 0px;\">\r\n            <div class=\"book-detail-content\" style=\"margin: 0px; padding: 0px; line-height: 24px; font-size: 14px;\">\r\n                <p style=\"margin: 0px; padding: 0px;\">\r\n                    仿佛在一夜之间，世界轰然倒塌。所有老派的行事规矩和道德准则被抛在一旁，华盛顿的说客比政客还多，纽约交易部门不再有禁忌，佛罗里达州的楼价跌到谷底，铁锈地带的钢铁工厂相继关门，南方的农场不再耕种烟草。富者更富，穷人更穷。\r\n\r\n美国国家图书奖得主乔治·帕克跟踪四位不同阶层的60后美国人——追逐美国梦的南方白人农民，失去工厂岗位的非裔女性工人，在华尔街和华盛顿之间穿梭的精英，借互联网经济发迹的硅谷大佬——展现四段沉浮人生，揭开四种阶层剧痛，写出一代人的愤怒与悲哀。\r\n\r\n这是唯一一代生活不断下沉的美国人：他们生在战后经济增长的黄金年代，摸爬滚打半生后，却迎来传统社会结构的轰然倒塌。\r\n\r\n在主角的故事之外，此书如电影镜头般扫视美国近三十余年的社会变迁，绘成一幅文化、经济、政治交织的全景流动长卷。作者为政客纽特·金里奇、作家雷蒙德·卡佛、沃尔玛创始人山姆·沃尔顿、说唱歌手Jay-Z等人立传，以十位时代偶像映射出十种或回响、或沉沦的时代精神；也记下成千上万迷失在房地产市场的投机者，成千上万占领华尔街的抗议者，成千上万挣扎在生存线上的沉默者，写尽美国梦碎三十年。\r\n\r\n阅读《下沉年代》，如同坐在第一排观看美国梦的午夜葬礼。这是献\r\n\r\n\r\n                    <br /><img style=\"display: block; margin-left: auto; margin-right: auto;\"\r\n                        src=\"http://127.0.0.1:3000/public/goods/xcnd.jpg\" alt=\"yjs2.png\" width=\"400\" height=\"400\" />\r\n                </p>\r\n            </div>\r\n        </div>\r\n    </div>', 96, NULL, 0, '2022-03-27 16:35:08', '2022-03-27 16:35:08');
INSERT INTO `goods` VALUES (46, NULL, 9, '万历十五年', NULL, 312, 96, 'http://127.0.0.1:3000/public/goods/wlswn.jpg', NULL, '    <div id=\"detail-tag-id-2\" class=\"book-detail-item\"\r\n        style=\"margin: 0px 20px; padding: 20px 0px 0px; overflow: hidden; color: #666666; font-family: tahoma, arial, \'Microsoft YaHei\', \'Hiragino Sans GB\', u5b8bu4f53, sans-serif; font-size: 12px; background-color: #ffffff;\">\r\n        <div class=\"item-mc\" style=\"margin: 0px; padding: 18px 10px 0px;\">\r\n            <div class=\"book-detail-content\" style=\"margin: 0px; padding: 0px; line-height: 24px; font-size: 14px;\">\r\n\r\n                <p style=\"margin: 0px; padding: 0px;\">\r\n                    黄仁宇 （1918-2000）<br>\r\n                    生于湖南长沙，1936年入天津南开大学电机工程系就读。抗日战争爆发后，先在长沙《抗日战报》工作，后来进入国民党成都中央军校，1950年退伍。其后赴美攻读历史，获学士、硕士、博士学位。曾任哥伦比亚大学访问副教授及哈佛大学东亚研究所研究员。参与《明代名人传》及《剑桥中国史》的集体研究工作。\r\n\r\n                </p>\r\n            </div>\r\n        </div>\r\n    </div>\r\n    <div id=\"detail-tag-id-3\" class=\"book-detail-item\"\r\n        style=\"margin: 0px 20px; padding: 20px 0px 0px; overflow: hidden; color: #666666; font-family: tahoma, arial, \'Microsoft YaHei\', \'Hiragino Sans GB\', u5b8bu4f53, sans-serif; font-size: 12px; background-color: #ffffff;\">\r\n        <div class=\"item-mt\" style=\"margin: 0px; padding: 0px; height: 25px; border-bottom: 3px solid #e4393c;\">\r\n            <h3\r\n                style=\"margin: 0px; padding: 0px 0px 0px 20px; font-size: 14px; line-height: 28px; width: 99px; height: 25px; overflow: hidden; color: #ffffff; background: url(\'//static.360buyimg.com/item/unite/1.0.103/components/book/css/i/item.sprite.png\') 0px -13px no-repeat;\">\r\n                内容简介</h3>\r\n        </div>\r\n        <div class=\"item-mc\" style=\"margin: 0px; padding: 18px 10px 0px;\">\r\n            <div class=\"book-detail-content\" style=\"margin: 0px; padding: 0px; line-height: 24px; font-size: 14px;\">\r\n                <p style=\"margin: 0px; padding: 0px;\">\r\n                    万历十五年，亦即公元1587年，在西欧历史上为西班牙舰队全部出动征英的前一年；而在中国，这平平淡淡的一年中，发生了若干为历史学家所易于忽视的事件。这些事件，表面看来虽似末端小节，但实质上却是以前发生大事的症结，也是将在以后掀起波澜的机缘。在历史学家黄仁宇的眼中，其间的关系因果，恰为历史的重点，而我们的大历史之旅，也自此开始……\r\n\r\n《万历十五年》是黄仁宇的成名之作，也是他的代表作之一。这本书融会了他数十年人生经历与治学体会，首次以“大历史观”分析明代社会之症结，观察现代中国之来路，给人启发良多。英文原本推出后，被美国多所大学采用为教科书，并两次获得美国书卷奖历史类好书的提名。\r\n\r\n\r\n\r\n                    <br /><img style=\"display: block; margin-left: auto; margin-right: auto;\"\r\n                        src=\"http://127.0.0.1:3000/public/goods/wlswn.jpg\" alt=\"yjs2.png\" width=\"400\" height=\"400\" />\r\n                </p>\r\n            </div>\r\n        </div>\r\n    </div>', 96, NULL, 0, '2022-03-27 16:40:02', '2022-03-27 16:40:02');
INSERT INTO `goods` VALUES (47, NULL, 9, '明朝那些事儿（1-9）', NULL, 352, 96, 'http://127.0.0.1:3000/public/goods/mcnxs.jpg', NULL, '    <div id=\"detail-tag-id-2\" class=\"book-detail-item\"\r\n        style=\"margin: 0px 20px; padding: 20px 0px 0px; overflow: hidden; color: #666666; font-family: tahoma, arial, \'Microsoft YaHei\', \'Hiragino Sans GB\', u5b8bu4f53, sans-serif; font-size: 12px; background-color: #ffffff;\">\r\n        <div class=\"item-mc\" style=\"margin: 0px; padding: 18px 10px 0px;\">\r\n            <div class=\"book-detail-content\" style=\"margin: 0px; padding: 0px; line-height: 24px; font-size: 14px;\">\r\n\r\n                <p style=\"margin: 0px; padding: 0px;\">\r\n                    当年明月<br>\r\n                    青年历史学者，畅销书作家。专业职称为副研究员，明史学会会员。是心灵历史的开创者，担任国内多家电视台文史类节目主讲人。所著作品《明朝那些事儿》销量过五百万册，为三十年来最畅销之史学读本。\r\n\r\n                </p>\r\n            </div>\r\n        </div>\r\n    </div>\r\n    <div id=\"detail-tag-id-3\" class=\"book-detail-item\"\r\n        style=\"margin: 0px 20px; padding: 20px 0px 0px; overflow: hidden; color: #666666; font-family: tahoma, arial, \'Microsoft YaHei\', \'Hiragino Sans GB\', u5b8bu4f53, sans-serif; font-size: 12px; background-color: #ffffff;\">\r\n        <div class=\"item-mt\" style=\"margin: 0px; padding: 0px; height: 25px; border-bottom: 3px solid #e4393c;\">\r\n            <h3\r\n                style=\"margin: 0px; padding: 0px 0px 0px 20px; font-size: 14px; line-height: 28px; width: 99px; height: 25px; overflow: hidden; color: #ffffff; background: url(\'//static.360buyimg.com/item/unite/1.0.103/components/book/css/i/item.sprite.png\') 0px -13px no-repeat;\">\r\n                内容简介</h3>\r\n        </div>\r\n        <div class=\"item-mc\" style=\"margin: 0px; padding: 18px 10px 0px;\">\r\n            <div class=\"book-detail-content\" style=\"margin: 0px; padding: 0px; line-height: 24px; font-size: 14px;\">\r\n                <p style=\"margin: 0px; padding: 0px;\">\r\n                    《明朝那些事儿》讲述从1344年到1644年，明朝三百年间的历史。作品以史料为基础，以年代和具体人物为主线，运用小说的笔法，对明朝十七帝和其他王公权贵和小人物的命运进行全景展示，尤其对官场政治、战争、帝王心术着墨最多。作品也是一部明朝政治经济制度、人伦道德的演义。\r\n                    \r\n\r\n\r\n                    <br /><img style=\"display: block; margin-left: auto; margin-right: auto;\"\r\n                        src=\"http://127.0.0.1:3000/public/goods/mcnxs.jpg\" alt=\"yjs2.png\" width=\"400\" height=\"400\" />\r\n                </p>\r\n            </div>\r\n        </div>\r\n    </div>', 96, NULL, 0, NULL, NULL);
INSERT INTO `goods` VALUES (48, NULL, 11, '帷幕', NULL, 256, 96, 'http://127.0.0.1:3000/public/goods/wm.jpg', NULL, '    <div id=\"detail-tag-id-2\" class=\"book-detail-item\"\r\n        style=\"margin: 0px 20px; padding: 20px 0px 0px; overflow: hidden; color: #666666; font-family: tahoma, arial, \'Microsoft YaHei\', \'Hiragino Sans GB\', u5b8bu4f53, sans-serif; font-size: 12px; background-color: #ffffff;\">\r\n        <div class=\"item-mc\" style=\"margin: 0px; padding: 18px 10px 0px;\">\r\n            <div class=\"book-detail-content\" style=\"margin: 0px; padding: 0px; line-height: 24px; font-size: 14px;\">\r\n\r\n                <p style=\"margin: 0px; padding: 0px;\">\r\n                    阿加莎•克里斯蒂原名为阿加莎•玛丽•克拉丽莎•米勒<br>\r\n                    第一次世界大战期间，阿加莎•克里斯蒂成了一名志愿者。战争结束后，她创作了自己的第一部侦探小说《斯泰尔斯庄园奇案》。几经周折，作品于一九二○年正式出版，由此开启了克里斯蒂辉煌的创作生涯。一九二六年，《罗杰疑案》由哈珀柯林斯出版公司出版。这部作品一举奠定了阿加莎•克里斯蒂在侦探文学领域不可撼动的地位。之后，她又陆续出版了《东方快车谋杀案》、《ABC 谋杀案》、《尼罗河上的惨案》、《无人生还》、《阳光下的罪恶》等脍炙人口的作品。时至今日，这些作品依然是世界侦探文学宝库里最宝贵的财富。根据她的小说改编而成的舞台剧《捕鼠器》，已经成为世界上公演场次最多的剧目；而在影视改编方面，《东方快车谋杀案》为英格丽•褒曼斩获奥斯卡大奖，《尼罗河上的惨案》更是成为了几代人心目中的经典。\r\n\r\n阿加莎•克里斯蒂的创作生涯持续了五十余年，总共创作了八十部侦探小说。她的作品畅销全世界一百多个国家和地区，累计销量已经突破二十亿册。她创造的小胡子侦探波洛和老处女侦探马普尔小姐为读者津津乐道。阿加莎•克里斯蒂是柯南•道尔之后最伟大的侦探小说作家，是侦探文学黄金时代的开创者和集大成者。一九七一年，英国女王授予克里斯蒂爵士称号，以表彰其不朽的贡献。\r\n\r\n一九七六年一月十二日，阿加莎•克里斯蒂逝世于英国牛津郡沃灵福德家中，被安葬于牛津郡的圣玛丽教堂墓园，享年八十五岁。\r\n\r\n                </p>\r\n            </div>\r\n        </div>\r\n    </div>\r\n    <div id=\"detail-tag-id-3\" class=\"book-detail-item\"\r\n        style=\"margin: 0px 20px; padding: 20px 0px 0px; overflow: hidden; color: #666666; font-family: tahoma, arial, \'Microsoft YaHei\', \'Hiragino Sans GB\', u5b8bu4f53, sans-serif; font-size: 12px; background-color: #ffffff;\">\r\n        <div class=\"item-mt\" style=\"margin: 0px; padding: 0px; height: 25px; border-bottom: 3px solid #e4393c;\">\r\n            <h3\r\n                style=\"margin: 0px; padding: 0px 0px 0px 20px; font-size: 14px; line-height: 28px; width: 99px; height: 25px; overflow: hidden; color: #ffffff; background: url(\'//static.360buyimg.com/item/unite/1.0.103/components/book/css/i/item.sprite.png\') 0px -13px no-repeat;\">\r\n                内容简介</h3>\r\n        </div>\r\n        <div class=\"item-mc\" style=\"margin: 0px; padding: 18px 10px 0px;\">\r\n            <div class=\"book-detail-content\" style=\"margin: 0px; padding: 0px; line-height: 24px; font-size: 14px;\">\r\n                <p style=\"margin: 0px; padding: 0px;\">\r\n                    波洛和黑斯廷斯的探案生涯回到了起点——斯泰尔斯庄园，正是在这里，初到英国的波洛侦破了第一起谋杀案。如今，波洛已风烛残年。饱受关节炎之苦、行动受限的他依然拥有一颗敏捷的头脑。他召唤老友黑斯廷斯回到斯泰尔斯庄园协助他探案。\r\n\r\n这一次，虽然波洛知晓凶手的身份，但他并没有向黑斯廷斯透露，只是用神秘的X来代替。连环杀手X已经罪行累累。波洛警告道，X马上会再制造一起新的命案。在帷幕降下之前，这对黄金搭档必须迅速行动，阻止凶手再次犯罪……\r\n\r\n\r\n\r\n                    <br /><img style=\"display: block; margin-left: auto; margin-right: auto;\"\r\n                        src=\"http://127.0.0.1:3000/public/goods/wm.jpg\" alt=\"yjs2.png\" width=\"400\" height=\"400\" />\r\n                </p>\r\n            </div>\r\n        </div>\r\n    </div>', 96, NULL, 0, '2022-03-27 16:43:54', '2022-03-27 16:43:54');
INSERT INTO `goods` VALUES (49, NULL, 11, '神探福尔摩斯（全四册）', NULL, 233, 96, 'http://127.0.0.1:3000/public/goods/femsqj.jpg', NULL, '    <div id=\"detail-tag-id-2\" class=\"book-detail-item\"\r\n        style=\"margin: 0px 20px; padding: 20px 0px 0px; overflow: hidden; color: #666666; font-family: tahoma, arial, \'Microsoft YaHei\', \'Hiragino Sans GB\', u5b8bu4f53, sans-serif; font-size: 12px; background-color: #ffffff;\">\r\n        <div class=\"item-mc\" style=\"margin: 0px; padding: 18px 10px 0px;\">\r\n            <div class=\"book-detail-content\" style=\"margin: 0px; padding: 0px; line-height: 24px; font-size: 14px;\">\r\n\r\n                <p style=\"margin: 0px; padding: 0px;\">\r\n                    柯南•道尔<br>\r\n                    在9岁那年，他被送入史东尼赫斯天主教修会私立小学就读，但却在1875年离校时对天主教产生厌恶的情绪，转成为一名不可知论者。1876年至1881年间他在爱丁堡大学学习医学，毕业后作为一名随船医生前往西非海岸，1882年回国后在普利茅斯开业行医。不过他行医并不太顺利，在此期间道尔开始写作。在搬到朴茨茅斯的南海城（Southsea）后，他才开始花更多的时间在写作上。道尔的第一部重要作品是发表于1887年的《比顿圣诞年刊》（Beeton\'s Christmas Annual for 1887）的侦探小说《血字的研究》（A Study in Scarlet），该部小说的主角就是之后名声大躁的歇洛克•福尔摩斯。 　　一个流行的传闻说在南海城期间，道尔参与了朴茨茅斯足球俱乐部的筹建，并成为该俱乐部第一位守门员，其实柯南道尔只是1882年-1884年间在当地朴茨茅斯协会组足球俱乐部(AFC)担任过业余门将并时常客串后卫。 　　1885年道尔与刘易斯•霍金斯（Louise Hawkins）结婚，但是霍金斯在1906年因结核病过世。1907年道尔与珍•勒奇（Jean Leckie）小姐结婚。 　　1890年道尔到维也纳学习眼科，一年之后回到伦敦成为一名眼科医生，这使得他有更多时间写作。1891年11月在一封给母亲的信中道尔写道，「我考虑杀掉福尔摩斯……把他干掉，一了百了。他占据了我太多的时间。」1893年12月在《最后一案》中，道尔让福尔摩斯和他的死敌莫里亚蒂教授一起葬身莱辛巴赫瀑布。但是小说的结局令读者们非常不满，这使得道尔最终又让福尔摩斯重新「复活」，在1903年道尔发表了《空屋》，使福尔摩斯死里逃生。道尔一生一共写了56篇短篇侦探小说以及4部中篇侦探小说，全部以福尔摩斯为主角。 　　19世纪末英国在南非的布尔战争遭到了全世界的谴责，道尔为此写了一本名为《在南非的战争：起源与行为》（The War in South Africa: Its Cause and Conduct）的小册子，为英国辩护。这本书被翻译成多种文字发行，有很大影响。道尔相信正是由于这本书使他在1902年被封下级勋位爵士。20世纪初道尔两次参选国会议员，却都没有当选。 　　道尔本人也曾卷入两桩有趣的案件。一次是在1906年，一名英印混血律师被指控发送恐吓信以及虐待动物。虽然这名律师被逮捕后，依然有动物被虐待，警方却一口咬定这名律师有罪。值得注意的是在这次案件后，1907年英国建立了刑事上诉法庭。因此可以说道尔不但帮助了这名律师，还间接协助建立了一套冤案申诉机制。另一次则是在1908年，一名经营赌场的德国籍犹太人被控用棒子袭击一名82岁的老妇人。 　　到晚年时道尔开始相信唯灵论，甚至还曾以此为主题写过好几部小说，有人认为这和他的儿子在一战中丧生有关。柯南•道尔在1930年7月7日去世。\r\n\r\n                </p>\r\n            </div>\r\n        </div>\r\n    </div>\r\n    <div id=\"detail-tag-id-3\" class=\"book-detail-item\"\r\n        style=\"margin: 0px 20px; padding: 20px 0px 0px; overflow: hidden; color: #666666; font-family: tahoma, arial, \'Microsoft YaHei\', \'Hiragino Sans GB\', u5b8bu4f53, sans-serif; font-size: 12px; background-color: #ffffff;\">\r\n        <div class=\"item-mt\" style=\"margin: 0px; padding: 0px; height: 25px; border-bottom: 3px solid #e4393c;\">\r\n            <h3\r\n                style=\"margin: 0px; padding: 0px 0px 0px 20px; font-size: 14px; line-height: 28px; width: 99px; height: 25px; overflow: hidden; color: #ffffff; background: url(\'//static.360buyimg.com/item/unite/1.0.103/components/book/css/i/item.sprite.png\') 0px -13px no-repeat;\">\r\n                内容简介</h3>\r\n        </div>\r\n        <div class=\"item-mc\" style=\"margin: 0px; padding: 18px 10px 0px;\">\r\n            <div class=\"book-detail-content\" style=\"margin: 0px; padding: 0px; line-height: 24px; font-size: 14px;\">\r\n                <p style=\"margin: 0px; padding: 0px;\">\r\n                    这是福尔摩斯很老的一个版本了，我在小学时候买的，一直珍藏着，现在发现已经无法在网络上找到其封面，有点遗憾。小时候一口气读完了四本，那种阅读能力让我至今怀念。\r\n\r\n这套书是根据英国企鹅版《歇洛克·福尔摩斯探案全集》（Complete Sherlock Holmes）翻译。在忠实于原著的基础上，译者力求做到通俗易懂，符合中国读者的口味。在翻译过程中，参考了群众出版社1980年译本。\r\n\r\n以上是书本前言里的话，我觉得很实在很真实，以我那种小学的水平都能读懂并读得津津有味，那就真是不易了，这样的好书值得我们收藏。\r\n\r\n\r\n                    <br /><img style=\"display: block; margin-left: auto; margin-right: auto;\"\r\n                        src=\"http://127.0.0.1:3000/public/goods/femsqj.jpg\" alt=\"yjs2.png\" width=\"400\" height=\"400\" />\r\n                </p>\r\n            </div>\r\n        </div>\r\n    </div>', 96, NULL, 0, NULL, NULL);
INSERT INTO `goods` VALUES (50, NULL, 12, '银河帝国：机器人五部曲', NULL, 216, 96, 'http://127.0.0.1:3002/public/goods/yhdg.jpg', NULL, '    <div id=\"detail-tag-id-2\" class=\"book-detail-item\"\r\n        style=\"margin: 0px 20px; padding: 20px 0px 0px; overflow: hidden; color: #666666; font-family: tahoma, arial, \'Microsoft YaHei\', \'Hiragino Sans GB\', u5b8bu4f53, sans-serif; font-size: 12px; background-color: #ffffff;\">\r\n        <div class=\"item-mc\" style=\"margin: 0px; padding: 18px 10px 0px;\">\r\n            <div class=\"book-detail-content\" style=\"margin: 0px; padding: 0px; line-height: 24px; font-size: 14px;\">\r\n\r\n                <p style=\"margin: 0px; padding: 0px;\">\r\n                    艾萨克·阿西莫夫 Isaac Asimov （1920 ~1992）<br>\r\n                    俄裔美籍作家，全知全能，被全世界读者誉为“神一样的人”。\r\n\r\n美国政府授予他“国家的资源和大自然的奇迹”这个独一无二的称号，以表彰他在“拓展人类想象力”上做出的杰出贡献。\r\n\r\n阿西莫夫创作力丰沛，一生之中著作近500 本，涉及杜威图书分类法的每一个范畴，涵盖人类生活的每一个层面，上天下海、古往今来、从恐龙到亚原子到全宇宙无所不包，从通俗小说到罗马帝国史，从科普读物到远东千年历史，从圣经指南，到科学指南，到两性生活指南，每一部著作都朴实、严谨而又充满幽默风趣的格调。\r\n\r\n作为人类世界里最伟大的科幻小说家之一，阿西莫夫曾获得代表着科幻界最高荣誉的雨果奖和星云终身成就“大师奖”。\r\n\r\n                </p>\r\n            </div>\r\n        </div>\r\n    </div>\r\n    <div id=\"detail-tag-id-3\" class=\"book-detail-item\"\r\n        style=\"margin: 0px 20px; padding: 20px 0px 0px; overflow: hidden; color: #666666; font-family: tahoma, arial, \'Microsoft YaHei\', \'Hiragino Sans GB\', u5b8bu4f53, sans-serif; font-size: 12px; background-color: #ffffff;\">\r\n        <div class=\"item-mt\" style=\"margin: 0px; padding: 0px; height: 25px; border-bottom: 3px solid #e4393c;\">\r\n            <h3\r\n                style=\"margin: 0px; padding: 0px 0px 0px 20px; font-size: 14px; line-height: 28px; width: 99px; height: 25px; overflow: hidden; color: #ffffff; background: url(\'//static.360buyimg.com/item/unite/1.0.103/components/book/css/i/item.sprite.png\') 0px -13px no-repeat;\">\r\n                内容简介</h3>\r\n        </div>\r\n        <div class=\"item-mc\" style=\"margin: 0px; padding: 18px 10px 0px;\">\r\n            <div class=\"book-detail-content\" style=\"margin: 0px; padding: 0px; line-height: 24px; font-size: 14px;\">\r\n                <p style=\"margin: 0px; padding: 0px;\">\r\n                    机器人学三大法则<br>\r\n                    一、机器人不得伤害人类，或因不作为而使人类受到伤害。<br>\r\n                    二、除非违背第一法则，机器人必须服从人类的命令。<br>\r\n                    三、在不违背第一及第二法则的情况下，机器人必须保护自己。<br>\r\n                    人类蜗居在银河系的一个小角落——太阳系，在围绕太阳旋转的第三颗行星上，生活了十多万年之久， 直到地球上诞生第一个会思考的机器人。在机器人的帮助下，人类迅速掌握了改造外星球的技术，开启了恢弘的星际殖民运动；人类在银河系如蝗虫般繁衍扩张，带着他们永不磨灭的愚昧与智慧、贪婪与良知，登上了一个个荒凉的星球，并将银河系卷入漫长的星际战国时代……<br>\r\n                    “机器人五部曲”就是第一个会思考的机器人的故事。彼时，地球人蜗居在地球的大城里，大部分人畏惧远行，害怕机器人，只有少数人在寻找出路。而地球人侦探以利亚贝莱就是一个为地球开辟未来的先锋。\r\n\r\n贝莱起初也不喜欢机器人，然而，一桩发生在地球人辖区的涉外谋杀案让他不得不与机器人丹尼尔奥利瓦合作破案，从此，贝莱与机器人丹尼尔结下了不解之缘。 他们一起成功侦破了发生在索拉利的“密室悖论谋杀案”和发生在奥罗拉星球上的“人形机器人无故心智冻结案”，为地球人的银河殖民开辟了道路。然而，随着地球人不断壮大，越来越衰落的太空族再也无法袖手旁观，破坏地球的计划正在一步步实施，而此时贝莱早已离开人世。继承贝莱遗志的两个机器人丹尼尔和吉斯卡如何在不为人知的情况下承担起保护地球的重任， 辉煌的银河帝国由谁铸造？\r\n\r\n而地球人，是毁灭，还是走向辽阔的银河…\r\n\r\n\r\n                    <br /><img style=\"display: block; margin-left: auto; margin-right: auto;\"\r\n                        src=\"http://127.0.0.1:3000/public/goods/yhdg.jpg\" alt=\"yjs2.png\" width=\"400\" height=\"400\" />\r\n                </p>\r\n            </div>\r\n        </div>\r\n    </div>', 96, NULL, 0, '2022-05-01 14:56:39', '2022-05-01 14:56:39');
INSERT INTO `goods` VALUES (51, NULL, 12, '三体', NULL, 288, 96, 'http://127.0.0.1:3000/public/goods/st.jpg', NULL, '    <div id=\"detail-tag-id-2\" class=\"book-detail-item\"\r\n        style=\"margin: 0px 20px; padding: 20px 0px 0px; overflow: hidden; color: #666666; font-family: tahoma, arial, \'Microsoft YaHei\', \'Hiragino Sans GB\', u5b8bu4f53, sans-serif; font-size: 12px; background-color: #ffffff;\">\r\n        <div class=\"item-mc\" style=\"margin: 0px; padding: 18px 10px 0px;\">\r\n            <div class=\"book-detail-content\" style=\"margin: 0px; padding: 0px; line-height: 24px; font-size: 14px;\">\r\n\r\n                <p style=\"margin: 0px; padding: 0px;\">\r\n                    刘慈欣<br>\r\n                    祖籍河南，长于山西，高级工程师，中国作家协会会员，中国科普作家协会会员，中国科幻小说作家代表人物，亚洲一位世界科幻大奖“雨果奖”得主。\r\n\r\n                    自1999年处女作《鲸歌》问世以来，刘慈欣已发表短篇科幻小说三十余篇、出版长篇科幻小说六部，十次荣获中国科幻“银河奖”。\r\n                    \r\n                    他的长篇代表作《三体》三部曲被普遍认为是中国科幻文学的里程碑之作，将中国科幻推上了世界的高度。\r\n                    \r\n                    本书英文版荣获2015年世界科幻大奖“雨果奖”。\r\n\r\n                </p>\r\n            </div>\r\n        </div>\r\n    </div>\r\n    <div id=\"detail-tag-id-3\" class=\"book-detail-item\"\r\n        style=\"margin: 0px 20px; padding: 20px 0px 0px; overflow: hidden; color: #666666; font-family: tahoma, arial, \'Microsoft YaHei\', \'Hiragino Sans GB\', u5b8bu4f53, sans-serif; font-size: 12px; background-color: #ffffff;\">\r\n        <div class=\"item-mt\" style=\"margin: 0px; padding: 0px; height: 25px; border-bottom: 3px solid #e4393c;\">\r\n            <h3\r\n                style=\"margin: 0px; padding: 0px 0px 0px 20px; font-size: 14px; line-height: 28px; width: 99px; height: 25px; overflow: hidden; color: #ffffff; background: url(\'//static.360buyimg.com/item/unite/1.0.103/components/book/css/i/item.sprite.png\') 0px -13px no-repeat;\">\r\n                内容简介</h3>\r\n        </div>\r\n        <div class=\"item-mc\" style=\"margin: 0px; padding: 18px 10px 0px;\">\r\n            <div class=\"book-detail-content\" style=\"margin: 0px; padding: 0px; line-height: 24px; font-size: 14px;\">\r\n                <p style=\"margin: 0px; padding: 0px;\">\r\n                    “文化大革命”如火如荼进行的同时，军方探寻外星文明的绝秘计划“红岸工程”取得了突破性进展。但无人料到，地球文明向宇宙发出的di一声啼鸣彻底改变了人类的命运。\r\n\r\n四光年外，为了生存挣扎的“三体文明”接收到了地球发来的信息。在运用超技术锁死地球人的基础科学之后，三体人庞大的宇宙舰队开始向地球进发……\r\n\r\n“凌晨一点至五点，整个宇宙将为你闪烁。”——《三体》\r\n\r\n庞大的三体舰队杀气腾腾直扑太阳系，尖端科技被锁死的地球人面对危局，突破口在于三体人透明的思维。于是，人类制订了神秘莫测的“面壁计划”，秘密展开对三体人的反击。\r\n\r\n“面壁计划”与人类的太空舰队，哪一样才是人类的希望？“黑暗森林”意味着什么？文明在波谲云诡的宇宙中又该如何存续？\r\n\r\n“宇宙就是一座黑暗森林，每个文明都是带枪的猎人。”——《三体Ⅱ·黑暗森林》\r\n\r\n与三体文明的战争使人类di一次看到了宇宙黑暗的真相，地球文明像一个恐惧的孩子，熄灭了寻友的篝火，在暗夜中发抖。\r\n\r\n使两个文明命悬一线的黑暗森林打击，不过是宇宙战场上一个微不足道的插曲。真正的星际战争没人见过，也不可能见到。战争的方式和武器已经远远超出人类的想象，目睹战场之日，即是灭亡之时。\r\n\r\n太阳系中，最后直面宇宙残酷真相的，只有两双眼睛。\r\n\r\n“失去人性，失去很多；失去兽性，失去一切。”——《三体Ⅲ·死神永生》\r\n\r\n\r\n                    <br /><img style=\"display: block; margin-left: auto; margin-right: auto;\"\r\n                        src=\"http://127.0.0.1:3000/public/goods/st.jpg\" alt=\"yjs2.png\" width=\"400\" height=\"400\" />\r\n                </p>\r\n            </div>\r\n        </div>\r\n    </div>', 96, NULL, 0, NULL, NULL);
INSERT INTO `goods` VALUES (52, NULL, 13, '十一倦', NULL, 48, 96, 'http://127.0.0.1:3000/public/goods/syj.jpg', NULL, '    <div id=\"detail-tag-id-2\" class=\"book-detail-item\"\r\n        style=\"margin: 0px 20px; padding: 20px 0px 0px; overflow: hidden; color: #666666; font-family: tahoma, arial, \'Microsoft YaHei\', \'Hiragino Sans GB\', u5b8bu4f53, sans-serif; font-size: 12px; background-color: #ffffff;\">\r\n        <div class=\"item-mc\" style=\"margin: 0px; padding: 18px 10px 0px;\">\r\n            <div class=\"book-detail-content\" style=\"margin: 0px; padding: 0px; line-height: 24px; font-size: 14px;\">\r\n\r\n                <p style=\"margin: 0px; padding: 0px;\">\r\n                    纯白<br>\r\n                    喜欢玫瑰和牵牛花。\r\n\r\n平时听听粤语歌，以后想去阿根廷看看。\r\n\r\n雨水这样纷纷而落，那段故事我已经写过。\r\n\r\n                </p>\r\n            </div>\r\n        </div>\r\n    </div>\r\n    <div id=\"detail-tag-id-3\" class=\"book-detail-item\"\r\n        style=\"margin: 0px 20px; padding: 20px 0px 0px; overflow: hidden; color: #666666; font-family: tahoma, arial, \'Microsoft YaHei\', \'Hiragino Sans GB\', u5b8bu4f53, sans-serif; font-size: 12px; background-color: #ffffff;\">\r\n        <div class=\"item-mt\" style=\"margin: 0px; padding: 0px; height: 25px; border-bottom: 3px solid #e4393c;\">\r\n            <h3\r\n                style=\"margin: 0px; padding: 0px 0px 0px 20px; font-size: 14px; line-height: 28px; width: 99px; height: 25px; overflow: hidden; color: #ffffff; background: url(\'//static.360buyimg.com/item/unite/1.0.103/components/book/css/i/item.sprite.png\') 0px -13px no-repeat;\">\r\n                内容简介</h3>\r\n        </div>\r\n        <div class=\"item-mc\" style=\"margin: 0px; padding: 18px 10px 0px;\">\r\n            <div class=\"book-detail-content\" style=\"margin: 0px; padding: 0px; line-height: 24px; font-size: 14px;\">\r\n                <p style=\"margin: 0px; padding: 0px;\">\r\n                    短篇故事集《十一倦》，讲述人、神、鬼三界里一则则活色生香的幻魅爱情和命运，人物涉及王侯将相、才子佳人、兽妖精怪、花魅仙神。\r\n\r\n                    揣着银子、骑上骡子，去民间游历散心，做了一场亦真亦假大梦的小王爷；\r\n                    \r\n                    才貌双全，高中探花，被刁蛮胖公主看上，却一心只想见一见那年山中相遇的小妖怪的驸马 ；\r\n                    \r\n                    大字不识几个，只爱敲核桃吃，动不动就被大臣上疏弹劾的太子……\r\n                    \r\n                    跌跌撞撞的相遇，难以言说的暧昧，惊心动魄的诱惑，数不尽的风流倜傥，道不完的扣人心弦。\r\n\r\n                    <br /><img style=\"display: block; margin-left: auto; margin-right: auto;\"\r\n                        src=\"http://127.0.0.1:3000/public/goods/syj.jpg\" alt=\"yjs2.png\" width=\"400\" height=\"400\" />\r\n                </p>\r\n            </div>\r\n        </div>\r\n    </div>', 96, NULL, 0, NULL, NULL);
INSERT INTO `goods` VALUES (54, NULL, 12, '挽救计划', NULL, 68, 10000, 'http://127.0.0.1:3002/public/goods/wjjh.jpg', NULL, '    <div id=\"detail-tag-id-2\" class=\"book-detail-item\"\n    style=\"margin: 0px 20px; padding: 20px 0px 0px; overflow: hidden; color: #666666; font-family: tahoma, arial, \'Microsoft YaHei\', \'Hiragino Sans GB\', u5b8bu4f53, sans-serif; font-size: 12px; background-color: #ffffff;\">\n    <div class=\"item-mc\" style=\"margin: 0px; padding: 18px 10px 0px;\">\n        <div class=\"book-detail-content\" style=\"margin: 0px; padding: 0px; line-height: 24px; font-size: 14px;\">\n\n            <p style=\"margin: 0px; padding: 0px;\">\n                [美] 安迪·威尔<br>\n                <pre>科技宅男+跨星系好（基）友联袂上演太空大救援\n\n硬核工程风+幽默碎碎念打造年度科幻\n\n奥巴马、乔治•R. R. 马丁力荐\n\n高司令主演同名电影即将上映\n\n👾出版后连续16周雄踞亚马逊科幻畅销榜\n\n《挽救计划》英文版于2021年5月4日正式出版，迅疾登陆《纽约时报》《华尔街日报》《洛杉矶时报》等各大畅销书排行榜，至今仍盘踞高位。\n\n👾万人五星好评，读者直呼比《火星救援》更燃、更爆；\n\n译者坦言阅读体验像是在大脑里进行了“一场烟花表演”\n\n👾入选奥巴马2021夏日书单；\n\n《冰与火之歌》作者乔治•R. R. 马丁力荐\n\n两个世界处于危险之中，一个有能力但有缺陷的人类，一个有能力的外星人，无休止的科学谜题有待解开，人类自身处于危险之中，这本书拥有老科幻迷所喜爱的一切。如果你喜欢满是科学的科幻小说，安迪•威尔就是最适合你的作家。\n\n——乔治•R. R. 马丁，《冰与火之歌》作者\n\n👾小说正式出版前，电影版权已高价售出；\n\n同名电影正在拍摄中，瑞恩•高斯林担纲男主</pre>\n            </p>\n        </div>\n    </div>\n</div>\n<div id=\"detail-tag-id-3\" class=\"book-detail-item\"\n    style=\"margin: 0px 20px; padding: 20px 0px 0px; overflow: hidden; color: #666666; font-family: tahoma, arial, \'Microsoft YaHei\', \'Hiragino Sans GB\', u5b8bu4f53, sans-serif; font-size: 12px; background-color: #ffffff;\">\n    <div class=\"item-mt\" style=\"margin: 0px; padding: 0px; height: 25px; border-bottom: 3px solid #e4393c;\">\n        <h3\n            style=\"margin: 0px; padding: 0px 0px 0px 20px; font-size: 14px; line-height: 28px; width: 99px; height: 25px; overflow: hidden; color: #ffffff; background: url(\'//static.360buyimg.com/item/unite/1.0.103/components/book/css/i/item.sprite.png\') 0px -13px no-repeat;\">\n            内容简介</h3>\n    </div>\n    <div class=\"item-mc\" style=\"margin: 0px; padding: 18px 10px 0px;\">\n        <div class=\"book-detail-content\" style=\"margin: 0px; padding: 0px; line-height: 24px; font-size: 14px;\">\n            <p style=\"margin: 0px; padding: 0px;\">\n                <pre>一趟孤注一掷的太空远征\n\n一座没有尽头的科学迷宫\n\n一次争分夺秒的冒险营救\n\n一段跨越星际的真挚友谊\n\n浩瀚宇宙中，瑞恩•格雷斯是整个人类文明仅存的希望。但在醒来的那一刻，他连自己的名字都不记得。他在未知的恐惧中寻找身份，从记忆的碎片中获取线索。这个肩负拯救地球重任的关键人物，现已命悬一线！人类文明究竟能否存续？在这场“挽救计划”里，一切都充满了挑战……</pre>\n\n                <br /><img style=\"display: block; margin-left: auto; margin-right: auto;\"\n                    src=\"http://127.0.0.1:3002/public/goods/wjjh.jpg\" alt=\"yjs2.png\" width=\"400\" height=\"400\" />\n            </p>\n        </div>\n    </div>\n</div>', NULL, NULL, 1, '2022-05-02 21:51:30', '2022-05-02 21:51:30');
INSERT INTO `goods` VALUES (55, NULL, 12, '索拉里斯星', NULL, 49, 3000, 'http://127.0.0.1:3002/public/goods/sllsx.jpg', NULL, '    <div id=\"detail-tag-id-2\" class=\"book-detail-item\"\n    style=\"margin: 0px 20px; padding: 20px 0px 0px; overflow: hidden; color: #666666; font-family: tahoma, arial, \'Microsoft YaHei\', \'Hiragino Sans GB\', u5b8bu4f53, sans-serif; font-size: 12px; background-color: #ffffff;\">\n    <div class=\"item-mc\" style=\"margin: 0px; padding: 18px 10px 0px;\">\n        <div class=\"book-detail-content\" style=\"margin: 0px; padding: 0px; line-height: 24px; font-size: 14px;\">\n\n            <p style=\"margin: 0px; padding: 0px;\">\n                [波] 斯坦尼斯瓦夫·莱姆<br>\n                <pre>✍斯坦尼斯瓦夫•莱姆（1921—2006），波兰著名作家、哲学家。当过汽车技工，终获医学博士学位，创立波兰宇航协会。代表作有《索拉里斯星》《未来学大会》《惨败》等。作品多聚焦哲学主题，探讨科技对人类的影响、智慧的本质、外星交流，以及人类认知的局限等。1996年被授予波兰国 家奖章“白鹰勋章”，波兰第一颗人造卫星以他的名字命名。\n\n✍莱姆是20世纪欧洲最多才多艺的作家之一，安东尼•伯吉斯称赞他是“当今活跃的作家中最智慧、最博学、最幽默的一位”，库尔特•冯内古特赞扬他“无论是语言的驾驭、想象力还是塑造悲剧角色的手法，都非常优秀，无人能出其右”。被译成52种语言，全球畅销4000余万册。</pre>\n            </p>\n        </div>\n    </div>\n</div>\n<div id=\"detail-tag-id-3\" class=\"book-detail-item\"\n    style=\"margin: 0px 20px; padding: 20px 0px 0px; overflow: hidden; color: #666666; font-family: tahoma, arial, \'Microsoft YaHei\', \'Hiragino Sans GB\', u5b8bu4f53, sans-serif; font-size: 12px; background-color: #ffffff;\">\n    <div class=\"item-mt\" style=\"margin: 0px; padding: 0px; height: 25px; border-bottom: 3px solid #e4393c;\">\n        <h3\n            style=\"margin: 0px; padding: 0px 0px 0px 20px; font-size: 14px; line-height: 28px; width: 99px; height: 25px; overflow: hidden; color: #ffffff; background: url(\'//static.360buyimg.com/item/unite/1.0.103/components/book/css/i/item.sprite.png\') 0px -13px no-repeat;\">\n            内容简介</h3>\n    </div>\n    <div class=\"item-mc\" style=\"margin: 0px; padding: 18px 10px 0px;\">\n        <div class=\"book-detail-content\" style=\"margin: 0px; padding: 0px; line-height: 24px; font-size: 14px;\">\n            <p style=\"margin: 0px; padding: 0px;\">\n                <pre>索拉里斯星是一颗围绕双星运转的星球，表面被胶质海洋覆盖。根据人类既有的认知，这样的星球的运转轨道应该是不稳定的。但仅仅过了十几年，人们就发现，索拉里斯星的轨道并没有显示出预期的变化。这激发了人类对这颗星球无限的兴趣。\n\n心理学家凯尔文降落到索拉里斯星，迎接他的不是同伴们的热烈欢迎，而是杂乱的太空站、疯癫的科研人员和凝重的暗黑气氛，他试图弄清楚到底发生了什么，直到在一片扑朔迷离中撞见自己已经过世十年的妻子……</pre>\n\n                <br /><img style=\"display: block; margin-left: auto; margin-right: auto;\"\n                    src=\"http://127.0.0.1:3002/public/goods/sllsx.jpg\" alt=\"yjs2.png\" width=\"400\" height=\"400\" />\n            </p>\n        </div>\n    </div>\n</div>', NULL, NULL, 1, '2022-05-02 22:25:45', '2022-05-02 22:25:45');

-- ----------------------------
-- Table structure for order_details
-- ----------------------------
DROP TABLE IF EXISTS `order_details`;
CREATE TABLE `order_details`  (
  `id` int(11) NOT NULL AUTO_INCREMENT,
  `order_id` int(11) NULL DEFAULT NULL,
  `goods_id` int(11) NULL DEFAULT NULL,
  `price` int(11) NULL DEFAULT NULL,
  `num` int(11) NULL DEFAULT NULL,
  `createdAt` datetime NOT NULL ON UPDATE CURRENT_TIMESTAMP,
  `updatedAt` datetime NOT NULL ON UPDATE CURRENT_TIMESTAMP,
  PRIMARY KEY (`id`) USING BTREE
) ENGINE = InnoDB AUTO_INCREMENT = 110 CHARACTER SET = utf8mb4 COLLATE = utf8mb4_0900_ai_ci ROW_FORMAT = Dynamic;

-- ----------------------------
-- Records of order_details
-- ----------------------------
INSERT INTO `order_details` VALUES (91, 28, 36, 77, 1, '2022-04-14 22:49:09', '2022-04-14 22:49:09');
INSERT INTO `order_details` VALUES (92, 28, 50, 216, 1, '2022-04-14 22:49:09', '2022-04-14 22:49:09');
INSERT INTO `order_details` VALUES (93, 29, 46, 312, 1, '2022-04-14 22:50:09', '2022-04-14 22:50:09');
INSERT INTO `order_details` VALUES (94, 30, 23, 98, 1, '2022-04-14 22:52:58', '2022-04-14 22:52:58');
INSERT INTO `order_details` VALUES (95, 31, 2, 88, 1, '2022-04-14 22:53:17', '2022-04-14 22:53:17');
INSERT INTO `order_details` VALUES (97, 33, 48, 256, 1, '2022-04-14 22:57:13', '2022-04-14 22:57:13');
INSERT INTO `order_details` VALUES (98, 34, 48, 256, 1, '2022-04-14 22:58:01', '2022-04-14 22:58:01');
INSERT INTO `order_details` VALUES (99, 35, 49, 233, 1, '2022-04-14 22:59:04', '2022-04-14 22:59:04');
INSERT INTO `order_details` VALUES (100, 36, 38, 88, 1, '2022-04-14 22:59:46', '2022-04-14 22:59:47');
INSERT INTO `order_details` VALUES (101, 37, 40, 154, 1, '2022-04-14 23:00:38', '2022-04-14 23:00:38');
INSERT INTO `order_details` VALUES (102, 38, 39, 88, 1, '2022-04-14 23:01:32', '2022-04-14 23:01:32');
INSERT INTO `order_details` VALUES (103, 39, 36, 77, 1, '2022-04-16 20:17:14', '2022-04-16 20:17:15');
INSERT INTO `order_details` VALUES (104, 40, 4, 66, 3, '2022-04-24 11:28:50', '2022-04-24 11:28:51');
INSERT INTO `order_details` VALUES (105, 40, 51, 288, 1, '2022-04-24 11:28:50', '2022-04-24 11:28:51');
INSERT INTO `order_details` VALUES (106, 40, 1, 55, 1, '2022-04-24 11:28:50', '2022-04-24 11:28:51');
INSERT INTO `order_details` VALUES (107, 41, 1, 55, 2, '2022-04-29 13:28:33', '2022-04-29 13:28:33');
INSERT INTO `order_details` VALUES (108, 42, 2, 88, 1, '2022-04-29 13:28:59', '2022-04-29 13:28:59');
INSERT INTO `order_details` VALUES (109, 43, 2, 88, 1, '2022-05-01 14:11:43', '2022-05-01 14:11:43');

-- ----------------------------
-- Table structure for orders
-- ----------------------------
DROP TABLE IF EXISTS `orders`;
CREATE TABLE `orders`  (
  `id` int(11) NOT NULL AUTO_INCREMENT,
  `user_id` int(11) NOT NULL,
  `order_no` varchar(255) CHARACTER SET utf8mb4 COLLATE utf8mb4_0900_ai_ci NOT NULL,
  `amount` int(11) NOT NULL,
  `address_id` int(11) NOT NULL,
  `status` int(11) NOT NULL,
  `express_type` varchar(255) CHARACTER SET utf8mb4 COLLATE utf8mb4_0900_ai_ci NULL DEFAULT NULL,
  `express_no` varchar(255) CHARACTER SET utf8mb4 COLLATE utf8mb4_0900_ai_ci NULL DEFAULT NULL,
  `pay_time` varchar(255) CHARACTER SET utf8mb4 COLLATE utf8mb4_0900_ai_ci NULL DEFAULT NULL,
  `pay_type` varchar(255) CHARACTER SET utf8mb4 COLLATE utf8mb4_0900_ai_ci NULL DEFAULT NULL,
  `trade_no` varchar(255) CHARACTER SET utf8mb4 COLLATE utf8mb4_0900_ai_ci NULL DEFAULT NULL,
  `createdAt` datetime NOT NULL,
  `updatedAt` datetime NOT NULL,
  PRIMARY KEY (`id`) USING BTREE
) ENGINE = InnoDB AUTO_INCREMENT = 44 CHARACTER SET = utf8mb4 COLLATE = utf8mb4_0900_ai_ci ROW_FORMAT = Dynamic;

-- ----------------------------
-- Records of orders
-- ----------------------------
INSERT INTO `orders` VALUES (28, 11, '111649947749381', 293, 7, 3, NULL, NULL, '2022-4-4  22:49:25', NULL, NULL, '2022-04-14 22:49:09', '2022-05-01 20:22:46');
INSERT INTO `orders` VALUES (29, 11, '111649947809039', 312, 7, 3, NULL, NULL, '2022-4-4  22:50:11', NULL, NULL, '2022-04-14 22:50:09', '2022-05-01 20:44:40');
INSERT INTO `orders` VALUES (30, 11, '111649947978543', 98, 7, 3, NULL, NULL, '2022-4-4  22:53:1', NULL, NULL, '2022-04-14 22:52:58', '2022-05-01 20:33:55');
INSERT INTO `orders` VALUES (31, 11, '111649947997279', 88, 7, 1, NULL, NULL, NULL, NULL, NULL, '2022-04-14 22:53:17', '2022-04-14 22:53:17');
INSERT INTO `orders` VALUES (33, 11, '111649948233131', 256, 7, 1, NULL, NULL, NULL, NULL, NULL, '2022-04-14 22:57:13', '2022-04-14 22:57:13');
INSERT INTO `orders` VALUES (34, 11, '111649948281754', 256, 7, 1, NULL, NULL, NULL, NULL, NULL, '2022-04-14 22:58:01', '2022-04-14 22:58:01');
INSERT INTO `orders` VALUES (35, 11, '111649948344813', 233, 7, 1, NULL, NULL, NULL, NULL, NULL, '2022-04-14 22:59:04', '2022-04-14 22:59:04');
INSERT INTO `orders` VALUES (36, 11, '111649948386955', 88, 7, 1, NULL, NULL, NULL, NULL, NULL, '2022-04-14 22:59:46', '2022-04-14 22:59:46');
INSERT INTO `orders` VALUES (37, 11, '111649948438804', 154, 7, 1, NULL, NULL, NULL, NULL, NULL, '2022-04-14 23:00:38', '2022-04-14 23:00:38');
INSERT INTO `orders` VALUES (38, 11, '111649948492648', 88, 7, 1, NULL, NULL, NULL, NULL, NULL, '2022-04-14 23:01:32', '2022-04-14 23:01:32');
INSERT INTO `orders` VALUES (39, 11, '111650111434975', 77, 7, 2, NULL, NULL, '2022-4-6  20:17:18', NULL, NULL, '2022-04-16 20:17:14', '2022-04-16 20:17:18');
INSERT INTO `orders` VALUES (40, 11, '111650770930726', 541, 7, 1, NULL, NULL, NULL, NULL, NULL, '2022-04-24 11:28:50', '2022-04-24 11:28:50');
INSERT INTO `orders` VALUES (41, 11, '111651210113846', 110, 7, 1, NULL, NULL, NULL, NULL, NULL, '2022-04-29 13:28:33', '2022-04-29 13:28:33');
INSERT INTO `orders` VALUES (42, 11, '111651210139094', 88, 7, 1, NULL, NULL, NULL, NULL, NULL, '2022-04-29 13:28:59', '2022-04-29 13:28:59');
INSERT INTO `orders` VALUES (43, 12, '121651385503832', 88, 8, 1, NULL, NULL, NULL, NULL, NULL, '2022-05-01 14:11:43', '2022-05-01 14:11:43');

-- ----------------------------
-- Table structure for slides
-- ----------------------------
DROP TABLE IF EXISTS `slides`;
CREATE TABLE `slides`  (
  `id` int(11) NOT NULL,
  `title` varchar(255) CHARACTER SET utf8mb4 COLLATE utf8mb4_0900_ai_ci NOT NULL,
  `img` varchar(255) CHARACTER SET utf8mb4 COLLATE utf8mb4_0900_ai_ci NOT NULL,
  `url` varchar(255) CHARACTER SET utf8mb4 COLLATE utf8mb4_0900_ai_ci NULL DEFAULT NULL,
  `status` int(11) NULL DEFAULT 1,
  `seq` int(11) NULL DEFAULT 1,
  `createdAt` datetime NULL DEFAULT NULL ON UPDATE CURRENT_TIMESTAMP,
  `updatedAt` datetime NULL DEFAULT NULL ON UPDATE CURRENT_TIMESTAMP,
  PRIMARY KEY (`id`) USING BTREE
) ENGINE = InnoDB CHARACTER SET = utf8mb4 COLLATE = utf8mb4_0900_ai_ci ROW_FORMAT = Dynamic;

-- ----------------------------
-- Records of slides
-- ----------------------------
INSERT INTO `slides` VALUES (1, '挪威的深林', '/public/slides/nuowei.jpg', 'http://114.55.94.207:3000/public/slides/nuowei.jpg', 1, 1, '2022-03-26 13:50:20', '2022-03-26 13:50:20');
INSERT INTO `slides` VALUES (2, '刘擎西方现代思想讲义', '/public/slides/liuq.jpg', 'http://114.55.94.207:3000/public/slides/liuq.jpg', 1, 1, '2022-03-26 13:50:27', '2022-03-26 13:50:27');
INSERT INTO `slides` VALUES (3, '霍乱时期的爱情', '/public/slides/huoluan.jpg', 'http://114.55.94.207:3000/public/slides/huoluan.jpg', 1, 1, '2022-03-26 13:50:33', '2022-03-26 13:50:33');
INSERT INTO `slides` VALUES (4, '肖申克的救赎', '/public/slides/xiaosk.jpg', 'http://114.55.94.207:3000/public/slides/xiaosk.jpg', 1, 1, '2022-03-26 13:50:37', '2022-03-26 13:50:37');

-- ----------------------------
-- Table structure for users
-- ----------------------------
DROP TABLE IF EXISTS `users`;
CREATE TABLE `users`  (
  `id` int(11) NOT NULL AUTO_INCREMENT,
  `name` varchar(255) CHARACTER SET utf8mb4 COLLATE utf8mb4_0900_ai_ci NULL DEFAULT NULL,
  `email` varchar(255) CHARACTER SET utf8mb4 COLLATE utf8mb4_0900_ai_ci NULL DEFAULT NULL,
  `password` varchar(255) CHARACTER SET utf8mb4 COLLATE utf8mb4_0900_ai_ci NULL DEFAULT NULL,
  `phone` varchar(255) CHARACTER SET utf8mb4 COLLATE utf8mb4_0900_ai_ci NULL DEFAULT NULL,
  `acatar` varchar(255) CHARACTER SET utf8mb4 COLLATE utf8mb4_0900_ai_ci NULL DEFAULT NULL,
  `is_locked` int(11) NULL DEFAULT NULL,
  `password_verified` datetime NULL DEFAULT NULL,
  `remember_token` varchar(255) CHARACTER SET utf8mb4 COLLATE utf8mb4_0900_ai_ci NULL DEFAULT NULL,
  `createdAt` datetime NOT NULL,
  `updatedAt` datetime NOT NULL,
  `Role` varchar(255) CHARACTER SET utf8mb4 COLLATE utf8mb4_0900_ai_ci NULL DEFAULT NULL,
  PRIMARY KEY (`id`) USING BTREE
) ENGINE = InnoDB AUTO_INCREMENT = 259 CHARACTER SET = utf8mb4 COLLATE = utf8mb4_0900_ai_ci ROW_FORMAT = Dynamic;

-- ----------------------------
-- Records of users
-- ----------------------------
INSERT INTO `users` VALUES (1, '怪兽', 'zky@qq.com', '123123', '88888-88888', 'http://114.55.94.207:3000/public/acatar/tmp_b443fa85f25ee575195948da912347cb6ccf4545521028af.jpg', 0, NULL, NULL, '2022-04-16 23:16:24', '2022-04-30 15:06:20', '1');
INSERT INTO `users` VALUES (2, 'test', 'test@qq.com', '123456', NULL, 'http://114.55.94.207:3000/public/acatar/tmp_802f5fa17f56cd42e15b5afe1849be6b388cfd10f15a6058.jpg', 1, NULL, NULL, '2022-04-13 22:41:05', '2022-04-30 15:06:22', '1');
INSERT INTO `users` VALUES (11, '小怪兽', 'xgs@qq.com', '123456', NULL, 'http://114.55.94.207:3000/public/acatar/tmp_02f045fad3e5956362963204a65f9294b96b5ed9a7ee097f.jpg', 1, NULL, 'eyJhbGciOiJIUzI1NiIsInR5cCI6IkpXVCJ9.eyJpZCI6MTEsIm5hbWUiOiLlsI_mgKrlhb0iLCJlbWFpbCI6Inhnc0BxcS5jb20iLCJwYXNzd29yZCI6IjEyMzQ1NiIsImlhdCI6MTY1MTU4Mjk0NywiZXhwIjoxNjUxNjY5MzQ3fQ.2eJBH91febmcK5Dv_Co2Ogju2v6ZGrDWrGUUY-61xTA', '2022-04-24 10:55:48', '2022-05-03 21:02:27', NULL);
INSERT INTO `users` VALUES (12, '张三', 'pp@qq.com', '123123', NULL, 'http://114.55.94.207:3000/public/acatar/tmp_204185002f3454cae9044e4bd56864a71fa13ed97e0feabf.jpg', 0, NULL, 'eyJhbGciOiJIUzI1NiIsInR5cCI6IkpXVCJ9.eyJpZCI6MTIsIm5hbWUiOiLlvKDkuIkiLCJlbWFpbCI6InBwQHFxLmNvbSIsInBhc3N3b3JkIjoiMTIzMTIzIiwiaWF0IjoxNjUxMzg1NDY5LCJleHAiOjE2NTE0NzE4Njl9.B-Np9EkkOWhY7c-9oCrt2SZ4nOacMrNjFJq8-TyhHMg', '2022-04-13 05:11:16', '2022-05-01 14:11:09', NULL);

-- ----------------------------
-- View structure for goods_culture
-- ----------------------------
DROP VIEW IF EXISTS `goods_culture`;
CREATE ALGORITHM = UNDEFINED SQL SECURITY DEFINER VIEW `goods_culture` AS select `categories`.`id` AS `id`,`categories`.`name` AS `name`,`categories`.`pid` AS `pid`,`categories`.`status` AS `status`,`categories`.`level` AS `level`,`categories`.`group` AS `group`,`categories`.`createdAt` AS `createdAt`,`categories`.`updatedAt` AS `updatedAt` from `categories` where (`categories`.`group` = 'goods_culture');

-- ----------------------------
-- View structure for goods_literature
-- ----------------------------
DROP VIEW IF EXISTS `goods_literature`;
CREATE ALGORITHM = UNDEFINED SQL SECURITY DEFINER VIEW `goods_literature` AS select `categories`.`id` AS `id`,`categories`.`name` AS `name`,`categories`.`pid` AS `pid`,`categories`.`status` AS `status`,`categories`.`level` AS `level`,`categories`.`group` AS `group`,`categories`.`createdAt` AS `createdAt`,`categories`.`updatedAt` AS `updatedAt` from `categories` where (`categories`.`group` = 'goods_literature');

-- ----------------------------
-- View structure for goods_popularity
-- ----------------------------
DROP VIEW IF EXISTS `goods_popularity`;
CREATE ALGORITHM = UNDEFINED SQL SECURITY DEFINER VIEW `goods_popularity` AS select `categories`.`id` AS `id`,`categories`.`name` AS `name`,`categories`.`pid` AS `pid`,`categories`.`status` AS `status`,`categories`.`level` AS `level`,`categories`.`group` AS `group`,`categories`.`createdAt` AS `createdAt`,`categories`.`updatedAt` AS `updatedAt` from `categories` where (`categories`.`group` = 'goods_Popularity');

SET FOREIGN_KEY_CHECKS = 1;
